"","B[1,1]","B[2,1]","B[3,1]","B[4,1]","B[5,1]","B[6,1]","B[7,1]","B[1,2]","B[2,2]","B[3,2]","B[4,2]","B[5,2]","B[6,2]","B[7,2]","B[1,3]","B[2,3]","B[3,3]","B[4,3]","B[5,3]","B[6,3]","B[7,3]","B[1,4]","B[2,4]","B[3,4]","B[4,4]","B[5,4]","B[6,4]","B[7,4]","B[1,5]","B[2,5]","B[3,5]","B[4,5]","B[5,5]","B[6,5]","B[7,5]","B[1,6]","B[2,6]","B[3,6]","B[4,6]","B[5,6]","B[6,6]","B[7,6]","B[1,7]","B[2,7]","B[3,7]","B[4,7]","B[5,7]","B[6,7]","B[7,7]"
"1",-0.366254398931394,-0.196901476872746,-0.0337708326117679,0.228157092643108,-0.0786428593908577,-0.261034958501574,-0.279684802407978,0.278206997533002,-1.90087921130321,-0.478003216141686,0.0470512690490677,-0.368140631327505,0.105799891247642,0.174586316396972,0.0754764097915764,-0.120891327355971,-2.29066499608987,-0.83646661576333,-0.13994049292336,0.162735605074002,-0.222757026360832,-0.174020520323322,-0.154458588253187,0.073071662503225,-0.565481296031589,-0.234627499715625,-0.0497324881371002,-0.0989022889649143,-0.402674468932592,-0.401194687088014,-0.391810996573272,0.0182164684040529,-0.566266883926365,-0.273234314618712,-0.248546879583248,-0.230791561045448,0.244122710152706,0.0174898535737351,0.663385547537538,0.0439091825852844,-1.23253115633087,-0.370623669903321,0.71832323594083,-0.114183037589218,0.0494761103238044,0.592333631931007,-0.0423487525282942,-0.299009367527899,-1.07148386133615
"2",-0.365020243333604,-0.191399637988276,-0.0111200775946284,0.248826527173168,-0.0705525318068932,-0.268916844329392,-0.269739449063654,0.631928541571216,-1.92152654399845,-0.424985446012653,0.00130435693385941,-0.378331633559275,0.495825895493874,0.338996520043051,0.128512622059049,-0.124747128115605,-2.63250728368846,-0.888202809410074,-0.102196909085983,0.0992763313387587,-0.144847321924221,-0.172082187267268,-0.150641417030841,0.185155688626485,-0.567306235148007,-0.235481424996017,-0.0798819925141435,-0.12241465383086,-0.363633349644333,-0.358963793844473,-0.332183166869602,0.0579152600237234,-0.535006516613813,-0.270156202962959,-0.210301439250845,-0.35087978634269,0.196962415312041,-0.0194044139199749,0.569802611010144,0.0810644729442768,-1.17660572345774,-0.422293022445591,0.735964459755438,-0.145389791516786,-0.0234898348901511,0.585950074224461,-0.0689977294203932,-0.198163000383509,-1.20208965834689
"3",-0.369342475392484,-0.197575880054107,-0.0231775207407381,0.212205713915141,-0.0799937888242076,-0.23719804787438,-0.261407182923561,0.857777338775553,-1.93249006707388,-0.403385637732251,0.0243708447994782,-0.318678058968186,0.142002414185413,0.391420991705887,0.142142845147832,-0.110539063136347,-2.28326610180755,-0.809089451026952,-0.123773118189258,-0.0922153103690655,-0.16197049087722,-0.181847771174263,-0.13269419747987,0.127448820136149,-0.548106013871628,-0.23303583978785,-0.0807616463804712,-0.102660303728693,-0.412306636020525,-0.377236190987761,-0.36355187239581,-0.0497690840453049,-0.538691191499724,-0.300915413327754,-0.23615621969822,-0.226039982427919,0.209914845772437,-0.0795250164352014,0.526167785696966,0.0617034955458301,-1.01797101980405,-0.469506285199388,0.870042444155237,-0.0810725514102675,0.0631227270646665,0.699718391329319,-0.0508357946386888,-0.431404472570332,-1.17922480351574
"4",-0.384806972540055,-0.182893225492775,0.011258594912813,0.281901022336397,-0.0678858480451519,-0.255243849758193,-0.27678869939766,0.649056758655366,-1.99043014275105,-0.358252052339422,-0.198515664846227,-0.248839405409208,0.421765085488647,0.594769572262601,0.0868164727745909,-0.093255724153309,-2.63306863060452,-0.786586533111414,-0.120045775006475,0.107683067287717,-0.0720695436087305,-0.177216788525719,-0.158611066647147,0.148196847315522,-0.580226329761286,-0.229873052269353,-0.0620992568242412,-0.10398930036219,-0.387950750028185,-0.371855681474903,-0.361540018013846,0.156422617570173,-0.536990614895925,-0.285770056475452,-0.215979213468036,-0.293433501686215,0.23820462206128,0.0743911243711808,0.697939959706898,-0.00712740653379241,-1.31360249518772,-0.55262461332646,1.33400335208193,-0.0708086772045143,0.127330496966907,0.536090300398984,0.0494028462104033,-0.0574907359606443,-1.16681487507819
"5",-0.390394259074727,-0.20452567411242,-0.00676115843926703,0.296972432446142,-0.0520005414454503,-0.279977109999078,-0.292827743376098,0.582270510728696,-1.89320085576156,-0.439110761397094,0.174014897576402,-0.152332036663353,0.365064594397521,0.318124895022933,0.168072161772333,-0.104075051169209,-2.39595498814602,-0.826516437406581,0.0551387375575057,0.127883126065032,-0.0522107146130834,-0.163236915610868,-0.141857912124469,0.137902510557119,-0.602039212832766,-0.238333375659686,-0.0906419806076302,-0.11058692518941,-0.352234010468279,-0.343013036940232,-0.348985131940642,0.0867377940060138,-0.535165017899997,-0.264065407408434,-0.226014435257485,-0.489277304311311,0.186512324784894,-0.0116479942319025,0.658654846508098,-0.0580068800604532,-1.20597804468445,-0.51354836017186,0.858432777896781,-0.221608993859417,-0.000790899150971317,0.501880002019186,-0.10642338899592,-0.0755294082136791,-1.08514316804341
"6",-0.392157362766827,-0.203146065754483,0.0271134855865162,0.327348369386087,-0.0135670435409442,-0.271924116069563,-0.277936617360193,0.639446195170925,-2.16944166538929,-0.470878359629488,0.219534875510163,-0.282716600548789,0.15479511627253,0.17884271590366,0.244494363310152,-0.191097714354899,-2.85302331600957,-0.82113624967673,-0.00196285071096201,0.151129628439035,-0.0569234981976979,-0.193048611825078,-0.135428888937617,0.203265222617264,-0.599352898344199,-0.258005884446403,-0.0918715222985684,-0.099762447742391,-0.364270734768463,-0.349211552589093,-0.340386003292994,0.0596597702953689,-0.559199543226193,-0.265906494634936,-0.217112702788257,-0.231942429118201,0.227115810575658,0.040947649198024,0.860431453664866,0.076458829187681,-1.1065071123817,-0.521255095171267,0.962436193586321,0.00672442337151276,0.17359479591669,0.619120514602562,0.126438899870092,-0.279158217909094,-1.15089726392724
"7",-0.364460963596221,-0.194604319089722,0.00682734153041083,0.27063793757751,-0.0531534554848197,-0.242760908450783,-0.270088613148095,0.320901232369031,-2.11567713053009,-0.313036793495126,0.00487385449130261,-0.458139823691069,0.0354633162908346,-0.0191990994166193,0.0964894819947369,-0.167418999974324,-2.65058329262367,-0.948323947684416,-0.342619758495808,0.0789802971963888,-0.0824452582538588,-0.184671004473558,-0.151076165591442,0.128519871102982,-0.580326632169213,-0.230325621191997,-0.0647806896428528,-0.107828873966228,-0.407236464999398,-0.384428301562259,-0.373431899659625,0.0697202243522713,-0.55464429548942,-0.308560824984733,-0.255448085392372,-0.234907078290476,0.199203148682842,0.00062624950674788,0.69008417885645,0.025110937150824,-1.17190765684947,-0.40274902833599,1.00117423944252,0.0214813980985883,0.125357829549246,0.699506224713612,0.079754101537,-0.100007504360001,-1.05955190055818
"8",-0.34007789388811,-0.190228498706889,-0.0158654236003862,0.346326886600825,-0.0423388743332587,-0.252605000562228,-0.265747646440171,0.331173819952829,-2.0734907631914,-0.499168847255964,-0.107698318886153,-0.477617225600257,0.206676888047608,0.290201101225353,-0.0480525882134843,-0.162687987526427,-2.48546011369159,-0.965934909510756,-0.267897366329377,0.0606952432473721,-0.238944544697537,-0.18532485552047,-0.155497366855009,0.118049596393744,-0.585552744030654,-0.23720049066154,-0.0927710680602371,-0.110764431099667,-0.382304773034089,-0.372871900544481,-0.34526787893624,0.0625593940610578,-0.524008020246237,-0.293355166432619,-0.257168752613018,-0.282923728206684,0.239876219019079,-0.0372161066750017,0.621838389162877,0.0264344550110177,-1.0982515154672,-0.420853652312716,0.62475685313169,-0.0134019057750185,0.0540978360341139,0.734021437318565,0.00841630333039217,-0.154893555677136,-1.01705370681519
"9",-0.348865524215371,-0.196301656458574,0.00673365670000125,0.326580179020115,-0.0010874163790924,-0.261059677714573,-0.26804013357537,0.263381583163978,-2.21168249922523,-0.444345096412231,-0.0759553620413303,-0.263681966166954,0.153645491421397,0.057766624384202,0.0365313963792945,-0.0703563265724687,-2.82617514671248,-0.933491277276956,-0.0873448971903951,0.0343148877693213,-0.185649399880655,-0.195661488396524,-0.138559987386569,0.15465513546324,-0.564642966315739,-0.260184788666447,-0.089287755737973,-0.104294430572471,-0.355335839318694,-0.336331799032427,-0.308213121223592,0.0806572167229434,-0.542208872487775,-0.264831592301308,-0.245611368601824,-0.163736170136904,0.231202879977367,0.0499211774884644,0.658916919693429,0.153552627092515,-1.01167306128696,-0.420983923124779,0.723188902300097,0.00202602239110834,0.1204002757923,0.527810820348445,0.13388328627882,-0.402671444199755,-1.05372505452854
"10",-0.366031652780357,-0.218858259640818,-0.0300360249632397,0.311798069113533,-0.0601055845804727,-0.263327518141902,-0.28174192050085,0.199979061292751,-2.1020639396143,-0.414079968830421,0.0321898035819367,-0.27723410807481,-0.00205358340526474,0.148647037228143,0.0695789460235963,-0.00341216887255981,-2.52428602507449,-0.916642994971757,-0.165074773861198,-0.102641690562438,-0.148356797840312,-0.186223912299668,-0.160572621298231,0.11729558666666,-0.59594307103368,-0.231993844591007,-0.0915265467629248,-0.124357126072573,-0.391310837200415,-0.370459337222066,-0.362025618754066,0.194036849967031,-0.563674879019938,-0.281398034291359,-0.216270754252699,-0.158635019902518,0.228789410751147,-0.000160571021949678,0.680585729592212,0.0724157566364884,-0.971639682114645,-0.402526064166401,0.7959667639254,0.113508229748585,0.149487180506235,0.625834166680649,0.16268541486584,-0.170896690752549,-1.10025511470762
"11",-0.355396393559993,-0.196113287578398,0.00572673043256631,0.283152262443453,-0.0286952043539863,-0.273460147066153,-0.294744044667005,0.294729512095373,-1.96182721947733,-0.477425825551658,0.128702050474285,-0.253971042604186,0.203185828991446,0.373934751885185,0.0616978549284616,-0.169718141138419,-2.47279207315661,-0.687954012518628,-0.16171001123263,-0.054218069853553,-0.0815004835287867,-0.150047648384909,-0.14129266840179,0.0964998670454648,-0.599182418996116,-0.231427579215746,-0.0885612056170041,-0.0908469252053162,-0.374470794901179,-0.377993531525094,-0.368455002603725,0.12212261498681,-0.553322788826412,-0.304260629620124,-0.271570709517004,-0.47195816597653,0.17192583146053,-0.0295555662639566,0.58388530439771,-0.0405251322173966,-1.05269755520576,-0.498528000136541,0.582434789577214,-0.129106875239898,0.0624673898014056,0.606769141631598,-0.0308283351668906,-0.234498442827121,-1.04934440424696
"12",-0.366937811388025,-0.201075159420853,-0.00710096060874551,0.293514768389795,-0.0637963940664047,-0.259555177186028,-0.270236953854855,0.260700674103572,-2.31614728693331,-0.454239851701274,0.112359853974542,-0.450045842654403,0.107149081151762,0.193427693327902,0.20965254340346,-0.0663086022850404,-2.70137558124903,-0.962489873576008,-0.176312785302336,0.174065612157936,-0.10661495871914,-0.167912195040753,-0.141826118998941,0.12711031468756,-0.628086598827427,-0.236871488163648,-0.0502959977402122,-0.0873476010442994,-0.381294527468041,-0.350877933523793,-0.35284073234486,0.223152828405974,-0.546730889419398,-0.239257167758549,-0.213649034929419,-0.3168598779572,0.443392559400276,0.0938814427142819,0.728435698087157,0.183622375364747,-1.32650310282851,-0.486682719426721,0.917978745941056,-0.0702606649979229,0.100092826803698,0.794759926772549,0.0334702425524244,-0.108518431049114,-1.24744318519272
"13",-0.389035099414263,-0.212947884771,0.0051787801161095,0.27407124208677,-0.00347941042967596,-0.269603004179239,-0.285231935837342,0.420093217221729,-1.89520604219499,-0.325032642734967,0.0466999255388788,-0.211459671986741,0.210017743215381,0.189253395298635,0.147117588970997,-0.193249327183274,-2.63664923127721,-0.938298954357666,-0.0764608254256875,0.0903743833298984,-0.108858808574554,-0.173041669683362,-0.143471425801317,0.154628039316124,-0.59680527869168,-0.245749214100006,-0.0648448420027367,-0.0963598137117835,-0.398873577228022,-0.372437487611652,-0.361308160557146,0.167297883017171,-0.567018916765365,-0.297150282828905,-0.268324220887682,-0.219506565862497,0.126749580378738,0.0227662675588494,0.598336179176863,-0.00709735343079537,-1.12525086593407,-0.467603635761944,1.08971920532609,-0.0885405677141147,0.148846130611814,0.543892870259816,-0.043383812577647,-0.24681807494156,-1.10271343643319
"14",-0.363075074080817,-0.217085737953839,-0.0323665098011586,0.33929002261867,-0.104777465995433,-0.274762342059347,-0.282995299621418,0.185938750013139,-2.00295585433268,-0.462139565634564,0.233381321999906,-0.483172842561361,-0.0310582013736903,0.170043279338879,0.136418501047592,-0.0987177835111215,-2.34397372637948,-1.03802826901057,-0.0419672898645743,0.133657926693882,-0.105317850554865,-0.154485460606199,-0.148505747520347,0.104279805405367,-0.625755564050002,-0.201920913623604,-0.0958332181367253,-0.107611706723278,-0.434446302567653,-0.4053024635352,-0.36733743462946,0.219544942300666,-0.558680811578677,-0.35122114754205,-0.258817236277472,-0.278362697503775,0.237795244244012,-0.0480312574345067,0.702646346103582,-0.0257581339229356,-0.986999118351452,-0.40079241903,0.572933898361529,-0.019861279431559,0.0173774104873467,0.679665551357771,-0.0548424217927399,-0.109859983758831,-1.12215034099428
"15",-0.365969547130749,-0.198191838502304,-0.00984676142496693,0.283663511051756,-0.0399144301896373,-0.269563473064912,-0.292269896771744,0.591242068229489,-1.95666360361819,-0.504215889074621,-0.0930509260702581,-0.181799072646781,0.151769073328342,0.422289337335186,0.00557245878670585,-0.159307571425266,-2.52302571896359,-0.841605893369021,0.0612924161111594,0.021024542001162,-0.12915208752229,-0.182352453534303,-0.153691361833414,0.115216498170221,-0.595072964534209,-0.253564394851584,-0.112700383641986,-0.108798185888062,-0.384480404833444,-0.375586101908077,-0.358924445587559,0.0530030770140641,-0.604747362759925,-0.287354780811167,-0.203293711862839,-0.306285823795847,0.131429006231275,-0.0169913281294192,0.70492094544605,0.135547216880552,-1.03249614468496,-0.477363239364818,0.753359676413342,-0.1006198866537,0.0944810407442086,0.60541175579817,0.13760356439285,-0.175482516803804,-1.15075118729488
"16",-0.368398947314418,-0.187323342221487,-0.0285677051579989,0.371911360444561,-0.0534908972315914,-0.253527377642063,-0.255674981856066,0.295888463861081,-2.15663831971921,-0.571989671577204,-0.036027207427852,-0.659633034555034,0.0222594434559521,0.0708368620559679,0.196609396474902,-0.104960428586481,-2.42767095872955,-0.698601287361779,0.111681080303907,-0.00209014033196556,-0.163378256121603,-0.184202588951281,-0.140794328580944,0.125192329716353,-0.661309927557149,-0.228046121053923,-0.0963621838763945,-0.101276329182765,-0.395936137865159,-0.363168803268409,-0.351484387090912,0.256647953261483,-0.554347859473608,-0.293312858176401,-0.261997698577137,-0.134799579589079,0.254688340828404,0.0146910983813527,0.676367994950476,0.125616568299757,-0.943371400810195,-0.518411184166787,1.19593603091547,-0.0776383202733073,0.0704890876938531,0.767574941574435,0.101543282469281,-0.301847265398006,-0.934128583373486
"17",-0.339729897050147,-0.186789096336327,-0.0616519583534399,0.274563745115486,-0.0519019525089315,-0.250914515667521,-0.261035689014487,0.360425223771052,-1.99360388470057,-0.639651504379005,0.0806909659918683,-0.479865936846319,0.155208579905355,0.385488713801804,0.115380498836223,-0.163239996957933,-2.21236942049654,-0.847815800985313,-0.193057389916605,0.0742443744578392,-0.134270254341736,-0.189051956542948,-0.150331899479195,0.0954526483686888,-0.588583670780807,-0.23865901840249,-0.0704709198033056,-0.103698507080463,-0.414746892154182,-0.382535106830556,-0.370780160240982,0.0827081920133711,-0.555680149903694,-0.314664320854757,-0.259395113513212,-0.282625381086542,0.168739094885541,-0.0147005959767553,0.669371369839364,-0.0074616079517765,-1.17649079628969,-0.483446044304729,0.7376937967892,-0.086129607548336,-0.0143193564216101,0.624929008884746,0.01665833325849,-0.0784936995738927,-1.07406619772094
"18",-0.34096657596822,-0.209270647683243,-0.0206767538863281,0.262853281023132,-0.075465205780137,-0.250779675275367,-0.261585552436714,0.349225151495475,-1.890643296303,-0.425205601315308,0.152316196549214,-0.388529778707882,0.217363861390704,0.24955577813745,0.0452419231409572,-0.00393770732134098,-2.46341547564119,-0.791938033854584,0.0193902706117189,-0.0199185912135552,-0.159549134462345,-0.182668833261045,-0.14906767011709,0.148227873232349,-0.591292017911559,-0.22762886618224,-0.0522135688929743,-0.0993059768252863,-0.418214100134446,-0.385235971559968,-0.36627899351755,0.0729496867093002,-0.561161934874408,-0.303199464626906,-0.2479764841661,-0.241561006580465,0.0935435095205223,-0.0331914357892288,0.51449535233891,-0.029594483709919,-1.10235832302572,-0.457239986593009,0.772883666710052,-0.134824181897577,0.0789502164907663,0.637310755352656,-0.0220263385466772,-0.236841577137338,-1.09313186468024
"19",-0.361308415398693,-0.191670172438651,0.0258955989440309,0.404810485197947,-0.011833651983623,-0.252047180723704,-0.27127047107473,0.267252373911061,-2.156081797086,-0.543194961372787,0.0592918455034299,-0.468704792231469,0.0621625403863156,0.108211756924912,0.0231206735112508,-0.0739939003266865,-2.53598168919667,-0.868810871317218,-0.101585316955916,-0.0536565796428043,-0.190339221489276,-0.171390102750685,-0.148177792844486,0.130691217048612,-0.63865954312683,-0.236783440466986,-0.0611378311816113,-0.0996267272752357,-0.379443610546079,-0.371218738393541,-0.366631136711279,0.0858321193592071,-0.585436816415811,-0.277226755763584,-0.23459870149861,-0.300260603349272,0.377611733032061,0.0290879269002011,0.828704229751176,0.178687193525368,-1.1687152918755,-0.464354420728785,0.785433414332768,-0.0900641436571309,-0.00147852337102391,0.664739041132216,0.024027453545782,-0.109597979271474,-1.08854763649352
"20",-0.338189170209381,-0.190314105621878,-0.0090569675388212,0.352404356732701,-0.0544740785086782,-0.247583014825971,-0.2615502302163,0.461527648323189,-1.82740069562689,-0.441091546912331,-0.0208159357062342,-0.22443062677996,0.379058882641367,0.382402348953395,0.0820247085064428,-0.0862470403334545,-2.51522647163117,-0.988752978476153,-0.091847928083112,0.0356165561111133,-0.151233600384013,-0.168077801329957,-0.140674517498932,0.131160809765331,-0.579284124914913,-0.217040844028271,-0.0578836199522161,-0.0999451906056011,-0.392911776912127,-0.378558947415328,-0.340675118527959,0.199493036581505,-0.540363738353534,-0.282023499641104,-0.234052734004661,-0.2834635055458,0.167228128584139,0.0209875615796487,0.526027566951996,-0.0304891595334385,-1.13605360620005,-0.383887462574057,0.712376335466449,-0.102945322270677,0.0244490330987998,0.728001034337644,0.0020325470609513,-0.193871801613268,-1.16554804625444
"21",-0.349059009169185,-0.197111471195664,-0.010805387369894,0.218677982259606,-0.0820584078743436,-0.247194299753048,-0.265993409189584,0.223720100796563,-1.89801830750023,-0.602891770922864,-0.123515118288374,-0.550511680136292,-0.0325786378203912,0.108029028160785,-0.030863916847091,-0.172244546387957,-2.49394509560501,-0.956162176485078,-0.203411558607234,0.147616351027903,-0.160394035159627,-0.178817138722376,-0.146781589656559,0.130505809644771,-0.560226710693963,-0.218103991395607,-0.0638155480064978,-0.102555645904316,-0.391649904211631,-0.375326341151433,-0.343507787942419,0.139694149503365,-0.519754255228895,-0.303258024985841,-0.241622099550224,-0.212668779266671,0.136311474216762,0.00607874930774043,0.69733644415806,0.00855566943071669,-1.10498325049051,-0.415470930105094,0.898736728186378,-0.0446706138525238,0.0102209772575524,0.577041720995313,-0.000529691790402813,-0.00921344777739589,-1.07427474460635
"22",-0.360911834304191,-0.219162760281341,-0.0337469855191244,0.319914608327766,-0.0581084204635619,-0.249208707052539,-0.277593837358203,0.429116841910469,-1.86816890333843,-0.334855187786395,0.0352472834915191,-0.113473975130382,0.169782450725241,0.429463084702883,0.0512128226134012,-0.0563429009642725,-2.37629574561712,-0.779498720226785,0.00912124952384414,-0.0542053222954042,-0.0917307620285458,-0.181782251606628,-0.144752654507303,0.139568787577123,-0.577781903544357,-0.232911446882872,-0.0682829695777231,-0.119255084939902,-0.417938325223796,-0.380235582833294,-0.355178965004027,0.0998107311581249,-0.570553572614032,-0.317569433652107,-0.251730342850878,-0.217823305774159,0.172125125013219,-0.085570571691416,0.50898531712664,0.0134515624587522,-1.09211240029659,-0.370394903798172,0.62610987714319,-0.100839182533645,0.0667648699488248,0.51229278810118,-0.0216738763131213,-0.212674422996129,-1.13215019567112
"23",-0.367201825271923,-0.194346658852335,-0.019867217921206,0.300254687529308,-0.0477813789138083,-0.279641196009222,-0.294608127047256,0.789533310453635,-2.11611976926769,-0.481502152606752,-0.345995946748636,-0.332990687953238,0.356352680705655,0.616712342117968,0.0179566628620579,-0.0710984485557503,-2.52654059726384,-0.824593599553357,-0.254445035567162,0.111139580935641,-0.118797625665631,-0.174816295027345,-0.143378619815277,0.140358341511951,-0.539503845853447,-0.23413187285669,-0.0849806221291442,-0.106740573662624,-0.370910219543671,-0.372492394907404,-0.35491294748046,0.0528708340158651,-0.535245647879371,-0.280765397141592,-0.21067290654406,-0.379389833363924,0.237244143866581,0.0472167986285854,0.576362303093245,0.0190969610906591,-1.14543812127599,-0.407397251841872,0.588336472308585,-0.057447498810401,0.0385288217575065,0.665243048252249,0.00668045506989228,-0.093362382981945,-1.25469585604997
"24",-0.388188579515486,-0.218481384029606,0.0133006911676087,0.24622783575238,0.00959174166818285,-0.267607852807241,-0.291040440686657,0.441067986594425,-1.9678243579182,-0.464904080012314,-0.0991741050468928,-0.197442947224546,0.473247711427423,0.233619152161961,0.111193947668993,-0.132883325239694,-2.6986087512021,-0.958753889939697,-0.26818029345571,0.121456756403748,-0.142358303116917,-0.17403552525798,-0.150175333066745,0.155305543131581,-0.539395237258651,-0.233770400163055,-0.0805736427116307,-0.119669715322218,-0.392605567814536,-0.364235291246838,-0.366710857484603,0.112978389427145,-0.594253592344573,-0.278089186485045,-0.249979980590318,-0.191005767257218,0.200896211644785,0.105128564220358,0.66271795654103,0.196974112799032,-1.16024791082306,-0.385333124808339,0.769933620640041,-0.155058462298755,0.0744868892399897,0.530318639441739,-0.0511762547789519,-0.280333797118692,-1.18082782847907
"25",-0.372992097351004,-0.201014034545186,-0.0163008754762691,0.250615320513671,-0.0562879788680738,-0.253892144178299,-0.260546225944694,0.722624844205934,-1.91735656429673,-0.394418637823772,0.0599741250136741,-0.332761851890104,0.251231173366427,0.391843953233123,0.116055572982522,-0.070226297325747,-2.5417707495481,-0.689299896971349,0.114272942051452,0.0654171999847571,-0.115318197741844,-0.191012936005196,-0.158871254861172,0.158738891359183,-0.60900963755168,-0.260111377159972,-0.0693616355434128,-0.0977424634472999,-0.398602713937539,-0.354225807512834,-0.338658701687668,0.0975007923319322,-0.547737107469066,-0.280705262987408,-0.225382791314511,-0.15298509782597,0.192438107893174,0.0487234252149108,0.791180470744339,0.145971024496035,-1.14626566076959,-0.544266945146103,1.09781942329178,-0.104068376022895,0.0491288725040529,0.55336425080261,0.00136980128254208,-0.199112676319156,-1.09192019731725
"26",-0.324449437135783,-0.180988757550962,-0.00349405262125287,0.329168553272309,-0.0170077033908751,-0.241998063155857,-0.246779889673158,0.526864440614894,-2.03113399307503,-0.390749266908997,-0.0809376876232584,-0.147691824291041,0.152631682505385,0.385529676166216,0.00578218872021153,-0.16225224087148,-2.55860972472084,-0.868926393395869,-0.199780632934419,-0.039988279072363,-0.232231682139893,-0.190062542800516,-0.146746065592571,0.127389449441762,-0.580411588621987,-0.23877036928705,-0.086897743884107,-0.102284176339669,-0.408074431202157,-0.373382490183241,-0.362500967984799,0.0951108337335225,-0.573043361552655,-0.298934073003942,-0.223737600818677,-0.225518763056253,0.26233818394046,-0.0436932520416042,0.590917385548193,0.0451577448295001,-0.990292870196092,-0.435067108727783,0.890186865540406,0.0100478137561159,0.0691089319519068,0.74861492970063,0.0250917153085519,-0.26591663635915,-1.19816837764333
"27",-0.353989505111285,-0.186258846854028,0.0202532168385909,0.279919540366118,-0.0563615840255634,-0.250028257793488,-0.274598576341825,0.228372623998246,-2.0100399319045,-0.362758315640177,-0.156652574879426,-0.419053183558827,0.066254127091383,0.177898619169629,0.0551778828851494,-0.130256350788347,-2.83657199813147,-0.927539331812424,-0.121234402945812,-0.147614392827196,-0.130222022289061,-0.177492451575203,-0.15371206185582,0.271173048487729,-0.571550489836201,-0.229064293247874,-0.0755348803304036,-0.10416680897783,-0.398274686746087,-0.375378035964859,-0.357040677884006,0.0999830006979536,-0.54812511982906,-0.301147645462801,-0.252913188398667,-0.187718151957479,0.223989855245461,0.0315965919422884,0.62135027307687,0.0869400288245523,-1.01702738379493,-0.359315148085154,0.973199633555235,-0.0937517174067966,0.0179075297753528,0.728619726293853,-0.000602926558349029,-0.145442611173931,-1.05118963272573
"28",-0.396301477762143,-0.222888369478607,-0.0269548260788448,0.359948925013886,-0.00981132945987556,-0.281949437541059,-0.301701214424623,0.280303549411703,-2.21306297717486,-0.433050987167647,0.491281342118208,-0.368441057809041,0.0275324817395074,0.14536559743951,0.158040527493365,0.0345848054171522,-2.57771477973203,-0.920831809042372,0.0604942220905959,0.0492294598635716,-0.0749109406100944,-0.158373390821516,-0.137659646547709,0.147191394831676,-0.647173194485919,-0.244995381496411,-0.098739304210363,-0.0959198779152821,-0.374719512167928,-0.356049923017839,-0.351126969175846,0.180560870117896,-0.580272528769108,-0.281149984064529,-0.232073696612508,-0.259719967892518,0.348950282946299,0.16469294439259,0.818968064177797,0.264788976245852,-0.99982723452791,-0.480132867163158,0.788578872458745,-0.0895977444241585,0.0896651501608578,0.741295404839379,0.0750400830785462,-0.297868151876825,-1.11644967013365
"29",-0.358257958012198,-0.218447577340372,-0.0188388962285722,0.261330745921971,-0.0676679149268261,-0.260955704782041,-0.275970864651045,0.225598439144279,-1.96898477738653,-0.40820958894488,0.0440357057574175,-0.40975358439724,-0.0275756747171204,0.145480688239894,0.114281432303772,0.0144453858846093,-2.44174194923026,-0.872944976328771,-0.159393660797247,0.0546264217266631,-0.121259110571499,-0.197527857220865,-0.148917943465433,0.116599252502805,-0.547586190551715,-0.240988224527921,-0.109000658329004,-0.118762425522396,-0.370168635066492,-0.347408725230451,-0.32909445092924,0.0339066350077555,-0.51290471561319,-0.288995428419146,-0.248459623503374,-0.276387305107798,0.213060259131278,-0.101940527449577,0.590636491963557,0.0118519016356817,-1.03978495469513,-0.46153966284635,0.667967962745733,-0.143244211646347,0.0348788395159718,0.521368615928942,-0.0315005831752269,-0.143805228524019,-0.988418078298255
"30",-0.380530383027444,-0.167687163317152,-0.002598229257253,0.359845282985347,-0.0454674179728447,-0.264491835219913,-0.270502465411365,0.682716367804655,-2.00513540953201,-0.440768815354733,0.4052267523388,-0.353565229095523,0.314971174392108,0.308925566995171,0.102147519894256,-0.247695738922852,-2.70516424472046,-0.870812709697868,-0.236106123507685,-0.0631568336363507,-0.147303770756313,-0.187682825214631,-0.16272583140236,0.133381574188164,-0.641647064362937,-0.244980990518424,-0.0762910751865842,-0.088196305780044,-0.395691579795824,-0.370704734899537,-0.352003712222719,0.168424044706231,-0.526833758809434,-0.280079369640756,-0.233598128059537,-0.095769541852402,0.223301892339692,0.0360371242956342,0.669230870511247,0.0648858004604059,-1.10424881510209,-0.585776755471609,1.12017439139608,-0.128690265524528,0.146535674361591,0.720739517422912,-0.0390462191111559,-0.243901515837598,-1.08858021802743
"31",-0.377338706782422,-0.194376627723658,-0.00693988859018156,0.360415708529044,-0.0430701689258511,-0.263195704248718,-0.268228754299663,0.332563207312249,-2.15275406448218,-0.505190832270389,0.0913947644844017,-0.277355653657522,0.156627592846995,0.232947792694972,0.289003062996173,0.0670049866320337,-2.64846298750286,-0.805282175937131,-0.00525205169007149,0.156570501033192,-0.0162814167057872,-0.185078419618427,-0.141922941608071,0.164340762697201,-0.612663227449947,-0.236002543399439,-0.0940390055002132,-0.0988490735866838,-0.389490840962395,-0.361664383633196,-0.32660071818461,0.141412553516057,-0.548367906315696,-0.286933456597894,-0.23745256775305,-0.178091440814245,0.263002619263548,0.0471796528973729,0.655005305928767,0.0654025104676834,-1.08524111582183,-0.582315510300907,1.13452258433486,-0.0772620886873836,-0.0251480751303397,0.638005334256198,-0.108440682594041,-0.261166582872194,-1.13190834222875
"32",-0.349018740471041,-0.18711001859417,-0.0205613879332476,0.282017466156487,-0.021528997369814,-0.254220901071867,-0.266740310020395,0.334521582032366,-1.97585053597154,-0.362198158618298,-0.120663486886805,-0.413991202760461,0.0950039640987661,0.13118827828573,0.153413780895916,-0.110632595494158,-2.48812497594894,-0.749783496932947,-0.0900080235786593,0.0969862285681953,-0.0796915945078519,-0.186957039192606,-0.168298418662525,0.154692740190443,-0.614393222477839,-0.256649792532794,-0.080270450352482,-0.102574505505411,-0.393766303825602,-0.390305589627491,-0.342187123867881,0.119814706766249,-0.573580082646636,-0.276957713418685,-0.244667349887764,-0.173766303155044,0.208844057024979,-0.0174021354306015,0.625416062581657,0.138844415952886,-1.04327263099118,-0.375086218090492,0.803673716042731,0.0267083965853879,0.0260550824942412,0.669907170630212,0.12428345883891,-0.213540362010366,-1.08618323881908
"33",-0.337765749717625,-0.19298943676596,-0.00550956224206609,0.30782764300943,-0.0606245731410161,-0.246299151164072,-0.252226537691093,0.459713316529811,-1.93414681675399,-0.5236374108911,0.136314247838415,-0.339934448112405,0.217049082413642,0.229734649349802,0.0754569072042644,-0.187916579333062,-2.54101613097596,-0.931548511266779,-0.186268290281967,0.0556782806615476,-0.191568387086021,-0.176823749306794,-0.149994964349901,0.166775409631878,-0.599231356727659,-0.226504044276918,-0.107112424971736,-0.113185010569732,-0.384075356964408,-0.363990784869098,-0.349209563036089,0.206376659895619,-0.520052867938031,-0.308789181359094,-0.246677546752173,-0.3644880040428,0.175525266458594,0.0173932294915148,0.621195543074707,-0.0593173030498943,-1.06256868976401,-0.410357004385261,0.710011729114842,-0.106493755129477,0.0902808426732308,0.591143991066239,-0.0564169740439674,-0.105237547212321,-1.12228842730846
"34",-0.344756837240471,-0.201189163192313,-0.0201700909488455,0.241256717100632,-0.0592611964579842,-0.263549108791284,-0.279128449881335,0.0635350013327394,-2.00754454843039,-0.427820191271605,-3.42765502861983e-05,-0.391950808872838,-0.144649230024052,0.157185848710983,-0.00873964607484123,-0.0898468835069007,-2.42005349649963,-0.760550850208109,-0.248964225209218,-0.0608681080823612,-0.114760618008607,-0.168425612400395,-0.145627880181552,0.116685259265963,-0.574964062484498,-0.247030067534867,-0.0998674696044485,-0.112600210455737,-0.390674393685289,-0.367279167806767,-0.357932161302576,0.0657585496305468,-0.536775091531554,-0.316754857643051,-0.218710567499715,-0.367906667905546,0.235782927580498,-0.0377577138926913,0.585933901467971,0.0432744166183994,-0.984464294209522,-0.473677852828979,0.683144554587709,-0.0946513588377617,0.00229536113426409,0.605373109192979,0.0124340790663726,0.0538475538503786,-1.04638800828707
"35",-0.345131244110161,-0.197196016104269,-0.0191778745993341,0.251312961478773,-0.0382839588612778,-0.238176089430592,-0.258918233148474,0.43684898267791,-2.08157476040805,-0.378678304404276,0.265419670989852,-0.0202519675017439,0.0429065512120225,0.197068243017852,0.0286070644342781,-0.123761040301555,-2.65106684440726,-0.977529136044688,-0.154403246443602,0.13291789718306,-0.213469545722906,-0.197294449213059,-0.152744216202193,0.160304816199167,-0.584295242933705,-0.263114512496484,-0.0772263327380721,-0.103520153391664,-0.396703694348665,-0.348805195118552,-0.337667051026086,0.0573577538535511,-0.565223310931744,-0.294989699691893,-0.240413490592006,-0.239599127077875,0.338662950759213,0.00317439113791123,0.70256896641596,0.0971241701041039,-1.12028932531695,-0.415403312330128,0.867188249973597,-0.0339803247440778,0.131786278297966,0.639696809606889,0.0953807754575998,-0.175069572031674,-1.002679655857
"36",-0.370673974979902,-0.202187143357572,-0.014613581238394,0.307707627092218,-0.0599775993287816,-0.256710148575842,-0.270458656769166,0.382754058967663,-2.04196768398543,-0.467580527856047,0.335167825180803,-0.217912773028254,0.321271304560643,0.344384477217186,0.160757832279174,-0.0304486996317003,-2.61052804307158,-0.911744618571327,0.0805914854934726,0.137506364715882,-0.212305154780374,-0.176311645676542,-0.149252042193652,0.125410791808601,-0.618078930797604,-0.240278517800634,-0.0506909558983797,-0.0944087427433796,-0.403804500016011,-0.40496552166875,-0.386169104698899,0.184964550209904,-0.604484318668221,-0.300369524784175,-0.254020676005518,-0.287267467194397,0.193504716163875,0.10138053426929,0.658464824571054,0.0535015666921024,-1.2640915526342,-0.43720664556463,0.809647396327012,-0.0185934831791206,0.135847112311474,0.627183804739063,0.0920940285228883,-0.160257828315219,-1.16867709586727
"37",-0.384378597339707,-0.214666292841195,-0.0111938382822848,0.255132673040272,-0.0381839602156676,-0.262410840769881,-0.274729849675535,0.35631921438855,-2.02520575382242,-0.475983612662802,-0.135132648471064,-0.334060323491121,0.124201058233208,0.101356702559073,0.18639639329864,-0.0600380452305796,-2.58158816168649,-0.783656085703424,-0.0443088096671608,0.0176836273478462,-0.154039057278613,-0.181116147578554,-0.164863158873559,0.125208597218261,-0.578551164859554,-0.243825879148302,-0.0585278550073812,-0.0998584411888444,-0.373083250514695,-0.355509647064262,-0.347609731558358,0.0850613260318644,-0.570222840272387,-0.288077279181934,-0.239293458774784,-0.193525418016684,0.228498269600422,0.0452249438095465,0.629354839736658,0.141898960684266,-1.09702696200837,-0.388172205428243,0.806888265400731,-0.0804390646996322,0.0824897069570246,0.654714623164243,0.0540467358688526,-0.19539088639147,-1.12645602124344
"38",-0.376240433983928,-0.192338464196891,-0.03051918457889,0.295184870959085,-0.0328223757766316,-0.264279390799686,-0.280698163478246,0.792300521491531,-1.96366600010301,-0.458536930785386,-0.0507290674527052,-0.183171557151946,0.0948131952182333,0.366478209835036,0.114614365842298,-0.0895360547603902,-2.58052689491449,-0.859690378150254,-0.154944929263802,0.0551868059012508,-0.130542860156874,-0.170930980216576,-0.146858319246285,0.164339800889789,-0.573448656158464,-0.247673935972661,-0.0918621093443761,-0.0939736939935532,-0.36849292529053,-0.35303486803907,-0.340174097561837,0.0416248927320938,-0.548878856387509,-0.284438812674716,-0.230611949407172,-0.32628173674192,0.286033618923825,0.100144740439347,0.680489744061587,0.0691960646313106,-1.1356203265359,-0.48840368004917,0.855070629718522,-0.107626601886746,0.00375623235402773,0.625095783542624,0.0729991766859862,-0.100261828243166,-1.07534143854106
"39",-0.38664282020983,-0.212124803766564,0.00687770541070074,0.192238955574507,-0.0584910781178441,-0.267261414232963,-0.295102489812776,0.457330739762531,-1.96905203839049,-0.218247629408992,-0.25765980118102,-0.500438966897731,0.135741666900843,0.225123704308194,0.0842462486602662,-0.152256957513958,-2.82366992742636,-0.802258982094535,-0.0859013822280034,0.0182681035161923,-0.126920354537742,-0.198213211861229,-0.154826819277892,0.199237216838254,-0.518564065035915,-0.255196202453555,-0.0886491318456702,-0.109832270899176,-0.376352621734831,-0.364901258520364,-0.326863346006496,0.0120374727993204,-0.531737955495225,-0.286278210961663,-0.225964419250667,-0.204164175652318,0.241920886828647,0.0712669327577211,0.469597063458614,0.119785382789131,-1.02644663381,-0.348075877954229,0.871999753676046,0.000304519459481357,-0.0140859886782064,0.478697864452297,0.0197929602001066,-0.160365054418711,-1.11511208247197
"40",-0.353328519192735,-0.182622748790501,-0.0227764945170829,0.307256536111643,-0.0498271672871706,-0.241463670216387,-0.25480520020261,0.794458612058063,-1.8252498880204,-0.527457001516181,0.206819594665083,-0.0942167934844754,0.389905312141519,0.431899968599693,0.197209252629258,-0.145300054113546,-2.50741930654506,-0.797089931313943,-0.0691477617818708,0.122393739540284,-0.155069135823215,-0.198126127132397,-0.153886254034659,0.140365506029363,-0.595131903658854,-0.245799340372709,-0.0754491255239484,-0.114025578057531,-0.412152947928848,-0.38067000182895,-0.366688506601804,0.0979317881644516,-0.569316735622177,-0.297490549813538,-0.23050156409679,-0.304062032841823,0.157955043613169,0.0387189236050873,0.654999925164067,-0.0315749193597611,-1.22722498966486,-0.454374419761986,0.985348736477562,-0.0577552958861871,0.11824126522833,0.662724353448878,0.101465404416274,-0.159341971540789,-1.17603613999073
"41",-0.351837626016237,-0.201955869950829,-0.0174180947303758,0.282219015898968,-0.0319464657934895,-0.248441632211979,-0.248797405729637,0.299341990592008,-2.15693183375017,-0.447301485430723,0.150079562383327,-0.434160083394894,0.136041814073486,0.0481611764740462,0.199628294744384,-0.0878875332724368,-2.58299805646996,-0.7784389383581,-0.157506305736285,0.205941855332533,-0.18556294090293,-0.20684570897451,-0.121547899861622,0.131023274763034,-0.586800844812171,-0.255667764106116,-0.0763691242526223,-0.104036556331846,-0.396975302835125,-0.351386165071445,-0.347307230255758,0.081801765491599,-0.529416526232127,-0.277279162984119,-0.228092934696866,-0.199165404973316,0.140823426573985,0.0731109604673219,0.564347337761671,0.0300981138742681,-1.1666017700252,-0.399910802717935,1.00000065842442,-0.0337810498818012,0.0759231463021629,0.525496401462543,0.0195552455483278,-0.0889288714793824,-1.11432797624599
"42",-0.382251291384688,-0.194589570916786,-0.0088694361920716,0.206490298251145,-0.0542960124784677,-0.248244082599127,-0.268670018475513,0.427157512261414,-2.25897884869526,-0.643369855899117,0.0250410133780413,-0.44258556844914,0.0965442249500773,0.36026957570643,0.174199951107581,-0.208221146447851,-2.63280786947178,-0.874648675027406,-0.241315531501304,0.0261659762727202,-0.0713132838505753,-0.196769790097377,-0.136186533510573,0.155743195478844,-0.54030541743066,-0.246037265489774,-0.0916590393019035,-0.0861411746428268,-0.386383880581901,-0.350700030221975,-0.341164459562157,0.0471145665946952,-0.530557653169683,-0.268442698799887,-0.222712187999621,-0.178672536264119,0.381842060102089,0.0805745988311516,0.566031486734672,0.105235319402196,-1.08902284347395,-0.552228484814281,1.09439913067105,-0.119760484091481,0.0291542125957883,0.475678330818644,-0.0119233162979275,-0.482284834600569,-1.22911791500734
"43",-0.345755366257239,-0.176107300602585,-0.0181112476604464,0.337538580225214,-0.0524480910578752,-0.211088291505053,-0.240626985353504,0.494467480562775,-2.05922090552841,-0.386096369414888,0.134699567135585,-0.378274531304583,0.391156700590479,0.248891233420933,0.167388977947837,-0.139415680133881,-2.68805528432433,-0.974760132684362,-0.141299363842627,0.113151185257633,-0.199846175849159,-0.197061087135288,-0.155691434444034,0.154242707317456,-0.592247153400586,-0.232162687368025,-0.0722452449422296,-0.108453338303389,-0.408641180545392,-0.36272076678272,-0.343203244620551,0.174903315062522,-0.522348515620336,-0.268640823586066,-0.228585165148801,-0.101718241261671,0.200908977656332,0.0884520897419255,0.584665954497163,0.00582019246873888,-1.19701123735099,-0.375093578810389,1.07778901070622,0.000529753240702642,0.199958468383994,0.799266660096557,0.034215632118548,-0.261945912975745,-1.17363658213783
"44",-0.330595290357398,-0.184157046834905,-0.0138469159818761,0.259877309409496,-0.0343494494581189,-0.241787219011269,-0.257717496715166,0.048168525762476,-2.16666555094222,-0.400058898683352,0.0224442652494128,-0.463679215165578,0.105777913457812,0.298675615263125,-0.0865256181458351,-0.319451568149112,-2.64860790042139,-0.833028471058738,-0.310520775479754,-0.0642297844639445,-0.151598623750617,-0.173237130166854,-0.144839559971999,0.16925024825548,-0.59744632138128,-0.226468344380101,-0.0749894015997267,-0.0973126484516294,-0.391568618398172,-0.362308103498306,-0.345574515742176,0.220332358796216,-0.542125283445279,-0.293982031325231,-0.242675438428879,-0.173350907037487,0.300526129470991,0.00157132376905823,0.602676624479194,0.0897932420035312,-1.03866220061686,-0.422255248011597,1.00189448996165,-0.0861426230440411,0.0752760053477703,0.662055117226251,0.0190945298900305,-0.165719898895591,-1.15729512043169
"45",-0.34001494367807,-0.195591561795454,-0.0238043329653773,0.341986935520883,-0.0562777039498141,-0.240647861414319,-0.253243474484042,0.328668939970354,-2.08231601487291,-0.455810862928559,0.151685855774231,-0.424420281782994,0.145611090381089,0.198147272719246,0.0270354042972488,-0.0993580140500819,-2.61022823711195,-0.844346438767513,-0.171211337438122,-0.00519838671738288,-0.264090145635769,-0.184406971897424,-0.148562202019543,0.13698511701256,-0.625180198463227,-0.240380913142627,-0.0927225604211775,-0.100432371277707,-0.408613207625176,-0.374452404580845,-0.352049314710815,0.149410405522925,-0.538411392778321,-0.307225448641256,-0.249668463666775,-0.203680136820203,0.162649687057026,-0.0155070497268536,0.561078153204947,0.0241024730725741,-1.02213991286958,-0.362665825508616,1.07052476282773,-0.00849501498076871,0.0932440710605119,0.910576849524574,0.0183724015697972,-0.249233939707591,-1.17930070376926
"46",-0.356202355223869,-0.201531689082576,-0.0280997835229754,0.195036838964905,-0.0651625242082973,-0.258109875210937,-0.272631940358627,0.161183341012283,-2.15031710455753,-0.416792797377432,-0.203846699882391,-0.334896854336037,0.0874044897836341,0.162929605685552,0.158206722775576,-0.0347947101264817,-2.61413641009599,-0.713566862912332,-0.147192460077651,0.299162161477606,-0.0405493956090988,-0.199243368486034,-0.146303961674387,0.167280236827443,-0.527641711932981,-0.235980110520522,-0.103801786305426,-0.127428963893359,-0.400160061900313,-0.349736484639342,-0.334472187258458,0.132574257556456,-0.520186988654861,-0.28603688891168,-0.231874060401774,-0.216390119095523,0.286415167650017,0.0296100730049751,0.439538459538202,-0.0281704024670539,-1.09267301705948,-0.344637581541332,0.925292559887824,-0.0839655373172142,0.0303814095236364,0.436591709439268,-0.0383156464276193,-0.173300218323199,-1.16251608964479
"47",-0.367279219420871,-0.194349901945678,-0.0268101459899665,0.260590338981894,-0.0188286633393233,-0.258375831994867,-0.267601714422543,0.506141688708643,-2.00503016940451,-0.580605859604389,-0.130894139386296,-0.349475179806593,0.194880585950916,0.255668220621776,0.124383821107283,-0.0700306328643727,-2.38769265234641,-0.834651651564535,0.126701959882937,0.0884560278629653,-0.157540354670428,-0.171577703258683,-0.147364359191602,0.117277435231699,-0.53130801737196,-0.252400374694313,-0.0572767628573313,-0.0989687003786635,-0.389330486977077,-0.371263811892179,-0.348068039004942,0.0195102213956981,-0.567151499763142,-0.268727501104546,-0.230237384167209,-0.25035594375441,0.272212518749762,0.00960714936571153,0.5411959623981,0.147166211213715,-1.14338259461059,-0.446566002693895,0.795020409575693,-0.031548897885525,0.0791504408511181,0.615888613781214,0.18998033928331,-0.34391379869363,-1.14155223770362
"48",-0.37504144155423,-0.198408999289003,-0.010532910647189,0.268542036676285,-0.055109780745483,-0.273804001035602,-0.274418417748144,0.537044875023407,-2.02585952987775,-0.351136123228826,0.123711402432337,-0.378699193755863,0.287519731357813,0.0683431525482205,0.0495428954644771,-0.0922003119805227,-2.61102508284216,-0.93755770551517,0.00671677542688967,0.0573221293477507,-0.245050947798499,-0.176004204917922,-0.154544955395491,0.153797987765005,-0.588308126737134,-0.241581093550426,-0.0688084487217374,-0.0945266653215613,-0.363363787428571,-0.35882680781037,-0.328106131666602,0.155638474011227,-0.521648567558234,-0.287530565659358,-0.248894873719589,-0.364711471963835,0.192224823969362,0.0437230533937556,0.566697607754221,-0.0270759548187173,-1.12087325500563,-0.464324752007267,0.78349034686821,-0.172224886424501,0.00732211238430427,0.500338897424113,-0.127314768443283,-0.141338050840818,-1.04347994993826
"49",-0.437179672566786,-0.206599978222583,-0.00739732858247763,0.362866739921806,-0.0398108107549603,-0.270732612086153,-0.288243680097414,0.761009767368267,-1.9282256548318,-0.362498034451666,0.276221764559228,-0.414778607327046,0.128762338765614,0.196293869459081,0.291299478568842,-0.203336171250464,-2.64834164653333,-0.949154818633535,-0.100495239726353,0.0256800012887919,-0.104239330323366,-0.178531627134628,-0.151651345062419,0.145489321053357,-0.608979824016253,-0.233668886403587,-0.062623213093466,-0.100611179717128,-0.377182020261549,-0.364611960262764,-0.351198206803194,0.137156068903284,-0.552789256545377,-0.277402583204716,-0.228143321458082,-0.171885720092795,0.24945518072063,0.00838998574037072,0.58887843343585,0.0813201430514219,-1.12248795988897,-0.418862005041233,1.23882510785143,-0.166001593133432,0.0499462408928071,0.720575575930976,-0.0424171826721356,-0.304156540381238,-1.2266720447752
"50",-0.345197241358761,-0.202910287491497,-0.0353837305234737,0.268330214933193,-0.0461440753150187,-0.252516070806924,-0.275465835173823,0.228133887691335,-1.85980532963011,-0.568255939175282,0.174011476461503,-0.2952504898116,0.174051472275893,0.209912645164433,0.0639411893846559,-0.122226747152038,-2.38949791794806,-0.969403773605525,-0.151720320150127,-0.0211396827435067,-0.103248075141402,-0.172377377441657,-0.151627240150756,0.141345556339455,-0.589439021778336,-0.237554722844031,-0.0826146411368163,-0.117756885293858,-0.388458106943806,-0.383210603204731,-0.344854568419839,0.0953005185022455,-0.560004308449296,-0.291747582045961,-0.238805548347476,-0.252709347199456,0.0876666667373019,-0.00770902507320338,0.604787107164505,0.0768015419434517,-1.02409579841626,-0.460860843540115,0.514268411147611,-0.097608251617131,-0.00687232294641346,0.779185481447009,0.0117770153583319,-0.352583651305667,-1.07001423486906
"51",-0.334508745719115,-0.189412020191635,-0.0225126699547701,0.338766955386041,-0.0804802374635422,-0.229441677952492,-0.25146519125795,0.0940668133796105,-2.0231968914479,-0.540394183052592,-0.0209906900151444,-0.497883199035776,0.0213590555227703,0.174969672804079,-0.00461476030334853,-0.102738237189335,-2.48394896416014,-0.779379215649858,-0.0960794916172101,-0.0252310242620597,-0.190007877347106,-0.196593189309466,-0.166320011652878,0.139023798207725,-0.602318742518111,-0.230073459585554,-0.0770676511406179,-0.125167854536181,-0.414440976650694,-0.376519835388623,-0.349123052022834,0.101061966600665,-0.528869316271984,-0.294602861782049,-0.250513366459179,-0.0958997851657771,0.262145155829204,0.00252146649014876,0.720347077430432,0.00970448722951925,-1.14530049591927,-0.355707903403063,0.974771226719439,-0.0408372071294483,-0.0454546768752335,0.692111510210344,0.0250747383436998,-0.0196051461141242,-1.00627089081184
"52",-0.350076732925189,-0.198253313469771,-0.00412533446340682,0.220915902064676,-0.0411071390403384,-0.25062673478473,-0.266038407694318,0.336025438740996,-1.89534635183453,-0.503221927590453,-0.085044987671958,-0.344707526806744,0.0965014881653991,0.208318794396006,-0.00834165849154416,-0.151637992795426,-2.64895715695787,-0.842511246830785,-0.0568152577946853,0.0233701880308848,-0.227918536756949,-0.151043879854075,-0.145499525706235,0.151984182896067,-0.560117315105479,-0.23141351576914,-0.0761244154682648,-0.0767317661652224,-0.357941478225069,-0.353147076417489,-0.324560375133577,0.16322746456756,-0.540689395161811,-0.259808896008606,-0.202639625090259,-0.343785585351075,0.186609904138146,0.0313956559570677,0.594052584233144,0.0519402046370077,-1.06963953970439,-0.403080839338522,0.826409029713172,-0.105811964851403,0.0590868999174307,0.523700668340638,0.043545340357022,-0.377603452436156,-1.33256754774839
"53",-0.355469562099996,-0.205815681113223,-0.00767360164433743,0.235134221267687,-0.0572096841112833,-0.24987866093735,-0.255219598573244,0.303415258813453,-1.95974929013307,-0.469550703930113,-0.112608108677269,-0.33321892463907,0.296806385402877,0.0570368856202524,0.184059069749291,-0.0510490947314101,-2.59908439539055,-0.865673881386283,-0.238668850142044,0.227673215373442,-0.187564967919264,-0.202107875529432,-0.150441873427154,0.132527780147565,-0.528037878726684,-0.25084313540004,-0.10451683396427,-0.122391062370118,-0.37793981741401,-0.348542053150068,-0.334595423730505,0.0534465107821202,-0.508385587205177,-0.298889710538337,-0.243103318001243,-0.189866089838379,0.218525346449257,0.0730316567808607,0.582919961829077,0.0810467382086001,-1.16333909605541,-0.335524964766943,0.896758431327477,-0.113820416575104,0.0793012207679395,0.444269764819086,-0.0680112827932338,0.0499504225016403,-1.14536225114694
"54",-0.364219589857247,-0.195579483724359,-0.00793778447821282,0.271373559512264,-0.0933564928392588,-0.274045064751162,-0.276540912733603,0.238175686176287,-2.00333903352617,-0.402603130211333,0.0540164530231033,-0.581249114580292,0.252344233952919,0.527150424421854,0.0426224747422361,-0.219623085596991,-2.62484454973903,-0.811269874646091,-0.221149717559487,-0.0532542063658777,-0.213492551987799,-0.196184739701076,-0.161199071253933,0.140473046205182,-0.582003739486603,-0.234980706488672,-0.0944411694702377,-0.101775861396873,-0.406397023795395,-0.391100455639204,-0.356117875986214,0.0714214064167108,-0.534722956094383,-0.278046224683614,-0.22431632730025,-0.0741445558484077,0.227605655296947,0.0709743834009452,0.703148607499221,0.0776894092127463,-1.06543033936812,-0.417195208579723,0.679239101001673,-0.0886453423326391,0.0539883410141333,0.438723655344784,-0.0389641658085827,-0.252601844444374,-1.22003676069979
"55",-0.350119595870735,-0.207615948471857,-0.0224965404516013,0.286206179580247,-0.0736685817709903,-0.249200315268747,-0.267401863210878,0.16751659492102,-1.87568975097352,-0.34187292928475,-0.0564836869644939,-0.397018599821198,0.041214877663989,0.211317633423376,0.112681357713392,-0.0825626466103905,-2.54473846514359,-0.837757333805249,-0.0918111628636551,0.00330003270331381,-0.0875172459520719,-0.169706853312196,-0.145448328728607,0.147077183685807,-0.563746777721421,-0.229921205753393,-0.108506174946046,-0.121099600318627,-0.4115914120553,-0.382660494522662,-0.351528675611804,0.093220556023235,-0.536873838298396,-0.320192409313238,-0.275083400710714,-0.148928176989003,0.16935989914897,-0.0407275329440047,0.611488699635487,0.0521390099017566,-0.929447947332673,-0.453690458746093,0.595804777407004,-0.116987145534545,0.125747426422224,0.569370429586184,-0.0250114879603848,-0.282283748195948,-1.03582716858824
"56",-0.378843847671624,-0.194879437539634,0.0211927064592307,0.213048988805833,-0.00389903998517079,-0.251701382700436,-0.275211474065181,0.623609456587685,-2.12914620137999,-0.359119909250226,-0.0919884993547942,-0.225814766442525,0.25141464044518,0.464815257371644,0.1607778311068,-0.108505892259804,-2.81389644952892,-0.895365346718351,-0.201248288713611,0.0553791623115905,-0.112388329844076,-0.196523641925348,-0.151108769379642,0.168632037971515,-0.509708200202071,-0.259660756741298,-0.0532543947512814,-0.112218064016472,-0.384967719791448,-0.345822397035559,-0.334421606076697,-0.0187379182472131,-0.545030146098791,-0.269036002415258,-0.216041672029567,-0.189416102268591,0.289317574415347,0.0670856270790487,0.429636926218924,0.0687604347073522,-1.21520230164204,-0.360505806701316,1.09584560913215,0.0219057283041039,0.131508029656259,0.49958434393498,0.0522932271963547,0.055803927427107,-1.17056743262494
"57",-0.388164511578313,-0.206733508257448,-0.0421498536388802,0.225516048689343,-0.0874591244712559,-0.281487293745284,-0.287689344053188,0.650369200829024,-1.87537369539082,-0.585474039969393,-0.189950009471751,-0.544772430302455,0.19344648887231,0.284212942296961,0.062868463503237,-0.243372701018093,-2.41120189672163,-0.839763113841531,-0.174166312819899,0.0661079146477679,-0.168330176716026,-0.184765538275846,-0.16547703506525,0.117302490487984,-0.574734259315028,-0.235821844897706,-0.074612288968582,-0.0932616004206917,-0.350186693059747,-0.346643816578414,-0.328881869686609,0.0714837070812943,-0.498656824075148,-0.255468370147973,-0.211453485594441,-0.265325002096522,0.146912412918162,-0.0168228070448216,0.643931191174746,0.0498896052951839,-1.11122989098506,-0.52221930597606,0.864777771989159,-0.111467662140005,0.0392917447753585,0.703931023773849,-0.0210950783665832,-0.294590062779289,-1.1256982016056
"58",-0.337520441883326,-0.195392657815819,-0.0252555823585478,0.237407926773402,-0.0435353568001863,-0.254010545628095,-0.267513464680917,0.442590502553856,-2.01473263471881,-0.402931496075366,-0.133814573542271,-0.159814255126645,0.249281111989767,0.239685897497837,0.0814327578156234,-0.0386667888812978,-2.68883823763436,-0.849383724955535,-0.0652648518516175,0.112022134580776,-0.150188421037728,-0.187980990192708,-0.157928546470781,0.166380634783439,-0.574034902851525,-0.24989927712085,-0.115883170448583,-0.117773159220145,-0.360087249341072,-0.348339608018888,-0.325055854564809,0.17486368061586,-0.530393038639333,-0.275673335431084,-0.240993877040082,-0.273817707003126,0.28402099174598,-0.0193896251009882,0.62743338304556,0.0767958955810999,-1.01357892271073,-0.397975103537528,0.43939562776615,-0.130820397816902,0.0409237797938727,0.587873310686696,-0.0314977140019886,-0.387019943500424,-1.11469577963296
"59",-0.379678737592754,-0.188429372400168,-0.0143403352227091,0.295885290349206,-0.040133725459285,-0.251930314196073,-0.269273270944762,0.6943144502959,-1.97291029709071,-0.489539435979383,-0.000645734562915425,-0.174874670604602,0.383275465245649,0.22938795770674,0.124250974060921,-0.0463434694108996,-2.38651816481279,-0.878479768787642,-0.119286153423423,0.0193695623937761,-0.193259941154506,-0.171690897681524,-0.157870139044613,0.103675616838188,-0.559651550497657,-0.239267903511031,-0.0727837274835242,-0.107614538194995,-0.367594910588748,-0.35436318004715,-0.317089998099317,0.0758871235778652,-0.528711427730781,-0.279202056100287,-0.233926113299283,-0.239877554664445,0.192917270506382,-0.0935522638175629,0.601441844145385,0.00695032565538653,-1.18735798205179,-0.41112237838275,0.891244737377236,-0.15348116124312,-0.0589383941218744,0.587301077183471,-0.040497362626002,-0.171336002624311,-1.09852418669668
"60",-0.349302037690562,-0.190259402755801,-0.0223646212218021,0.323940514891473,-0.0244444545870713,-0.24324212234664,-0.266883137128407,0.343024448946576,-2.06296936923175,-0.541218242255809,0.0800826993865287,-0.322282712403098,0.0364156129990716,0.189974301615428,0.0458218820594038,-0.116719589049448,-2.42497083230694,-1.07653749400989,-0.0270362826675485,0.0195116332144786,-0.123827122116488,-0.178975716383751,-0.148139156366662,0.100766836527254,-0.573298626719853,-0.232664998123762,-0.0947831613169828,-0.107593314742367,-0.381449398306825,-0.349373376062751,-0.349092488222483,0.0997972322017237,-0.558423781882758,-0.276922948978436,-0.229086349729849,-0.26710694613019,0.220305529509875,0.0353402676397987,0.678116610301048,0.0477991132779558,-1.06728697999488,-0.476772702388298,0.861180028395626,-0.0651399377788707,0.0137757497298185,0.673616559670137,0.0433717967296985,-0.216064675804202,-1.06204456245746
"61",-0.384537201490862,-0.197087955988769,-0.0151037178055502,0.178796982296057,-0.0789086157397082,-0.254936266161846,-0.276302271443692,0.2148977105569,-2.13282667404077,-0.417824746735123,0.149907897351034,-0.251303114783921,-0.01959707158038,0.175882494208028,0.185802968463464,-0.0527802047955669,-2.65661745790051,-0.828371605254979,-0.0494493040512881,-0.107323150460478,-0.189085549077418,-0.171009137559777,-0.14696137969962,0.165412565764967,-0.523449435261969,-0.232204090425951,-0.0457759389554541,-0.0888318428677887,-0.36627219590785,-0.378356516959846,-0.346351878508559,0.0213149925836335,-0.558815562881654,-0.247798649899744,-0.209447700523615,-0.189784777720335,0.441538706883849,0.0376966477454983,0.427484610381126,0.0622341995237449,-1.12358066777607,-0.393529007779624,1.01101006426597,-0.0604065356218181,0.0753080164816745,0.535950374570598,0.00752094306871791,-0.240070853199313,-1.27392640972564
"62",-0.338696051667343,-0.201927113250137,-0.0281467869257876,0.289866224217152,-0.0710775962820149,-0.250784357220644,-0.268417681553753,0.258100677643134,-2.03269280484434,-0.599303116599701,-0.136530352166311,-0.401527204835773,0.161535418091303,0.25928161172597,0.00635606626170953,-0.194356197380243,-2.50844413960096,-0.922192413108432,-0.227419020657674,0.111219523082332,-0.105055204583284,-0.180049608347099,-0.147267720117232,0.134461339407821,-0.598580250702826,-0.225148365061932,-0.0899148087091872,-0.105867245483194,-0.38950437907416,-0.366072862419998,-0.36214893065154,0.154721194955246,-0.550687999362569,-0.282871013210846,-0.211089541125648,-0.212631345086371,0.20266996091361,0.0725974137962378,0.777056471423974,0.086414654058424,-1.13190420247606,-0.429291721993019,0.599431124239482,-0.121420198580506,0.0409935288633601,0.720997702095448,-0.0682586237945561,-0.0513968615324487,-1.21850439994687
"63",-0.354642314667134,-0.183646655169885,-0.013554862638886,0.302888232727046,0.00165176781592224,-0.236626816867146,-0.246670141332305,0.621666490857079,-2.19800744419413,-0.529413098287167,0.0353161658264938,-0.528820196543216,0.226666343847499,0.31632346187072,0.0899135007359051,-0.085445398001442,-2.62503715320855,-0.906801378779726,-0.113154975160675,0.182435880609618,-0.123286631840172,-0.201142973726054,-0.149846661918673,0.132384510193282,-0.571361385541765,-0.250553046527377,-0.0845916852307708,-0.107180207291778,-0.398405826852306,-0.362593973668381,-0.336375173722716,0.154619410412403,-0.558028055481922,-0.259296330073444,-0.212692144345939,-0.0602389585388209,0.341604953857925,0.0946117879800456,0.603826933550079,0.249754795727627,-1.24250584270029,-0.528209975116987,1.30150618696502,0.0236714262531899,0.0557791503448648,0.583853009682538,0.0556087465988734,-0.0905776709398541,-1.15907811144264
"64",-0.330804959586284,-0.188293949950909,-0.0322672942144612,0.303182846751402,-0.0517806233300315,-0.239430942720054,-0.254643485885385,0.246517000518086,-2.0864807842623,-0.597816649573562,0.227351205661027,-0.30693568580449,0.232472046134589,0.367815245689488,-0.0604824794579354,-0.207135876954182,-2.5666761253497,-0.840277302630086,-0.24045129211017,-0.0167667031652489,-0.182704588777699,-0.197542793539425,-0.14851904914972,0.220503201589751,-0.602359679034587,-0.245795403697473,-0.0969641941327731,-0.120015723376657,-0.407592430145635,-0.372026432726855,-0.343384219219368,0.0814155994947761,-0.555068022118553,-0.298421536091201,-0.234723192739526,-0.140796900252084,0.29483466377192,0.0543704702297025,0.7263296942219,0.138135275424085,-1.10675127708954,-0.521490035588019,0.789835633923542,-0.0235907853455883,0.0833283653725579,0.630834804043249,0.0947415371053488,-0.158480474169982,-1.01105630390397
"65",-0.41009383959178,-0.204580612364187,-0.0316217179914889,0.29089877439816,-0.0492102798865209,-0.263884619250211,-0.284448574574452,0.669313078390473,-2.13210575302819,-0.450106339432996,0.262318440971004,-0.487955064613769,0.130630139890067,0.2696853648887,0.323588485097441,0.0085824198244657,-2.5663387770712,-0.842229917598517,-0.0429581791352694,0.0679236868301351,-0.0571182322784938,-0.200268374971399,-0.159918716561223,0.137784606554234,-0.60759854615046,-0.25572736173501,-0.080842781762086,-0.0978920722954562,-0.370752471119817,-0.353812324302644,-0.331742322867302,0.0845636979984681,-0.53269472949172,-0.266175529634597,-0.229956396350681,-0.0789709053059468,0.333914707799853,0.0726240754485425,0.727517585640001,0.174936723016654,-1.00942620052233,-0.505857840701459,1.16184709653812,-0.0976794378829454,0.0775794772640728,0.640903954456467,0.0534776036479626,-0.385635942719099,-1.11359388754649
"66",-0.366431354286701,-0.192488613304323,-0.0117054298834465,0.171376341848472,-0.0546267312186916,-0.253252018451428,-0.265818207555204,0.507185880307444,-2.30477641656122,-0.518393972905552,-0.286241767190155,-0.416700768214142,0.413885364383148,0.125232788174207,0.00749545472047315,-0.00445529342135835,-2.50494224079758,-0.619433411502571,-0.0091163819482383,0.0751467589763551,-0.209173315997421,-0.19602459284848,-0.152469256354918,0.14308083581794,-0.51033111951347,-0.246293441540483,-0.0615272897008488,-0.116727353303443,-0.392270556828299,-0.374675977878524,-0.353735801377596,-0.0139930477299977,-0.561496874791566,-0.26836239237907,-0.237942372907483,-0.2418909957637,0.266743108964486,0.0501176225203244,0.417416007041227,0.0845691191186637,-1.26971211787822,-0.487961834056212,1.02880294763203,-0.00234386850908948,0.0525430477785828,0.437265880115393,0.0873927385908087,-0.195225787810924,-1.03371308751643
"67",-0.346784082540108,-0.19246780228508,0.0123171563485969,0.24480776343281,-0.0615186015385253,-0.260878358361969,-0.261045494659186,0.265974939698132,-1.8432617540571,-0.303313819587633,-0.0292234899779473,-0.450882190836022,0.166251342491573,0.204972250702299,0.219430582145329,-0.102497361105554,-2.71171641203851,-0.918530725663272,-0.0167944410447247,-0.0165990807142915,-0.123897084027426,-0.187429488567957,-0.160018260790021,0.171484566473883,-0.557953053733533,-0.239786358755491,-0.0839907923858459,-0.0926923791446035,-0.414007698153505,-0.395412645335671,-0.352473650561013,0.0206779082456218,-0.550809512211278,-0.316907923588941,-0.2570850710361,-0.25270463535131,0.139232250876516,-0.0211178495620359,0.502659047053745,0.0177712780923443,-1.02359589752033,-0.418411072073311,0.725661231675517,-0.0829104173224507,0.141850932697799,0.678446874088688,0.0238361498996408,-0.0837431571652211,-1.16331003660346
"68",-0.358005063141419,-0.204957645548549,-0.0591828322849366,0.299301820102037,-0.098676612823015,-0.263796223928044,-0.281395058128104,0.434657541377287,-1.6795228032916,-0.606183700481303,-0.236580376922303,-0.200377044358482,0.253297395435383,0.312985687094696,-0.0102983863230171,-0.173409622127931,-2.32035783839151,-0.835309310070155,-0.202491630339221,0.100744864101163,-0.20493843585859,-0.181108247454035,-0.144882031786428,0.112313829740722,-0.566666093317078,-0.231711310230817,-0.0999504683978577,-0.110455467853199,-0.369024458686413,-0.350301794599207,-0.347839745920917,0.0872334262049138,-0.507706517263399,-0.292203182060672,-0.23365717666514,-0.288896442112975,0.0733011622844371,0.00430211875245714,0.673222263831411,-0.0631200617432454,-1.08600927230773,-0.448745741774354,0.560271663181167,-0.223531903657938,0.0277748888038442,0.528015196513903,-0.106525393178346,-0.213436462538628,-1.04186955414584
"69",-0.377761776397158,-0.181178551526123,-0.0206472799309883,0.263182681722285,0.00262729790837037,-0.266137575291668,-0.274003609082955,0.421131350446969,-2.1908912057199,-0.584533627315587,-0.23969629304878,-0.385265767497123,0.113746378103688,0.475762736736413,0.319440771252767,-0.121737939693952,-2.43590012003755,-0.808613498454239,-0.106595521343273,0.0901010537889747,-0.0554466820491795,-0.170004653715885,-0.152162535883662,0.103361861736363,-0.594347964151395,-0.247485862844172,-0.0816248186546633,-0.087185262104183,-0.381381843481983,-0.366749147646186,-0.335881852179972,0.134899133779799,-0.565575474780481,-0.277478049611755,-0.226716011069261,-0.2652245276254,0.202254307733906,0.0827002226454692,0.741052514668758,0.163596395963979,-1.0821808344973,-0.471738116081168,1.09233303509073,0.100519907059063,0.0181479226647178,0.728788098997977,0.120733703009977,-0.172296098645224,-1.19685516979964
"70",-0.36317401696777,-0.208599619618919,-0.0218286721145762,0.28067229115392,-0.0655672099643477,-0.250881948935632,-0.269423426422237,0.487200813961921,-2.0563623519149,-0.499117009090074,-0.0242151083620581,-0.3037659067938,0.356176697354048,0.173758391189652,0.0633566823597957,-0.184033053612059,-2.43732642797883,-0.956623201097361,-0.185172933578523,0.0610129953312133,-0.257993797985499,-0.18727049604171,-0.146094826162284,0.117949756678808,-0.531340828270755,-0.240671000190795,-0.0873685462780052,-0.101038217534764,-0.380769726513817,-0.365630509239617,-0.357745298352563,-0.012073219196147,-0.533308302562392,-0.28149891481356,-0.24365325628276,-0.303866349386439,0.230427824736145,0.0150162163158161,0.500668819973279,0.00507883234102469,-1.25803687566799,-0.39600918956796,0.711023587376419,-0.100173032571674,0.0282604501723906,0.548919285804611,-0.0559601252219134,-0.127313532256472,-1.15191817821045
"71",-0.353039587007132,-0.221722476676239,-0.0367959667152489,0.328372589983969,-0.110888193894199,-0.254959980640313,-0.280361782141829,0.299791325097152,-1.77848494228802,-0.428681682419168,0.259575723143181,-0.207238463211188,0.0468772677058164,0.322740628608131,-0.0767419003511957,-0.13351287429405,-2.41809432586931,-0.857851621517243,-0.260676238383532,-0.132404758440868,-0.236318839380175,-0.177129910171599,-0.164998310260493,0.136250855765919,-0.629749468818065,-0.231565923352611,-0.0801304275565395,-0.125081370537942,-0.371145495552786,-0.348004075748053,-0.332577953146612,0.192152525546574,-0.489759930846235,-0.283172939580454,-0.221269123960348,-0.300077937732674,0.145769292003881,-0.0660134144077205,0.662607620188521,-0.0772159348962377,-1.08615333544398,-0.376170785946893,0.645953934140559,-0.193431400302023,0.0496468021942755,0.782527122576916,-0.104270933120953,-0.201203774397357,-1.17740156723124
"72",-0.358771035814574,-0.182904617209605,-0.0226356270662064,0.330485935186646,-0.0560933166327594,-0.249131818827669,-0.264387302545739,0.277441689540704,-2.0195072180448,-0.533452589689679,0.347447069874971,-0.374016878673802,0.0760646097766635,0.0932022489322861,0.175783699534032,-0.120106881721128,-2.51409874700424,-0.849020920943456,-0.0736503828584116,0.0858567008387795,-0.0527809570855474,-0.179853675000447,-0.155939668793285,0.134284325683991,-0.610074788855078,-0.233698288480536,-0.0878323235570387,-0.119406495003668,-0.385992462779549,-0.379083144346456,-0.35132732938877,0.0894573747147086,-0.55034242625877,-0.292656741865536,-0.252744777174377,-0.29163300332347,0.202789759760777,0.0323678596759636,0.592893112960242,-0.0142127338339664,-1.08716766245725,-0.537845741359927,0.866857219331263,-0.0125735081075084,0.0686713098249841,0.697152310144982,0.00514176028836527,-0.268701482442141,-1.0290802180823
"73",-0.317612197825735,-0.175842832399756,0.018846155149034,0.292678540460185,-0.0165031341552867,-0.223606021394757,-0.254015585191905,0.100386942273909,-2.28187806401507,-0.468628992418975,-0.0540896312748923,-0.37609477226229,0.116021356877127,0.202578896498172,0.0310612303470039,-0.100921025437592,-2.73533864808882,-0.903608134365114,-0.16885862559104,0.0443369903932394,-0.113302361526819,-0.185302822042759,-0.142385532725595,0.1729838400469,-0.562159490226737,-0.235726119090947,-0.0868841497559467,-0.112040149924565,-0.398070957403216,-0.362682147349056,-0.344646804376641,0.0398059197073654,-0.55100683207235,-0.305081806666594,-0.248131386318637,-0.299490803195631,0.350175439074315,-0.024585060797892,0.588264344108752,-0.0568037775859633,-1.13473617355836,-0.420332835623457,0.840628719131904,-0.0217147690271986,0.172642971559115,0.601696687848968,0.0363576734046853,-0.184450383247717,-1.07567015844131
"74",-0.414825686158502,-0.217562810966454,-0.0413160393365522,0.265882196469646,-0.0279225652304449,-0.277043983633778,-0.284057920225363,0.975187349273453,-1.99813995623006,-0.347702912204028,0.0376246207347259,-0.17785905173017,0.652866002045408,0.554684382170839,0.316581650170298,0.0304537945319191,-2.34392779477854,-0.818800251635633,0.00167014086594054,0.153504007575386,-0.0628353411644616,-0.176039940140646,-0.138880188237656,0.117087797952921,-0.6028649982671,-0.255254871575013,-0.0627162965076087,-0.0771427487715081,-0.389518812624662,-0.339448453653503,-0.353048733568372,0.0826811356488724,-0.566488944574227,-0.265255486193341,-0.19583050862519,-0.33310334297473,0.188276001530009,-0.0560322780969477,0.634385228991408,0.08313336605248,-1.25134678066468,-0.543419316147637,1.38699033183079,-0.0788712630877307,0.0623831551604147,0.661111037147952,0.108148690036253,-0.124761145755087,-1.24384989639315
"75",-0.371310293334693,-0.191022211357065,-0.00356196666138167,0.266808370108205,-0.0748257404778827,-0.267504862507407,-0.27759624228684,0.303916219710377,-2.06162980996917,-0.58674611324735,0.0854573215834871,-0.492000118640364,0.0776245605219453,0.125627032936873,0.0838484083087828,-0.157079447757174,-2.7198219473267,-0.898539510297018,-0.158544718518355,-0.00686297228522927,-0.0679851218166081,-0.172682292907359,-0.156911181681446,0.180133197859572,-0.55715460249103,-0.219663902361994,-0.0570629783632916,-0.105914794793948,-0.428528986815896,-0.405982725437071,-0.368258838953905,0.133134031763204,-0.577088474981758,-0.315077097832815,-0.257139529143323,-0.109119890883139,0.285004318582383,0.0926123743731612,0.479938619062116,0.102038793748412,-1.00335970571759,-0.39594047882515,0.893309345201747,-0.0812937244617641,0.12492316817799,0.615003145994968,0.0440568180654836,-0.176488404211983,-1.16448084119601
"76",-0.347679123869789,-0.187808528432211,-0.0247669100288174,0.307520307376246,-0.049822993265462,-0.240112670334518,-0.248976039969547,0.201870755421739,-2.08883012750551,-0.435617936071572,0.134187573999188,-0.335731823140414,0.263548493880211,0.274847127526509,0.0637677586945325,-0.212506871814304,-2.51358024283755,-0.922285057048474,-0.221612892844183,0.0266115325393625,-0.253744922419515,-0.190062494965159,-0.141390196084139,0.12176319870282,-0.573774968430485,-0.239810823123684,-0.0711911736334838,-0.117688355190671,-0.391895184720986,-0.367470879319964,-0.355541171577124,0.0861229641686375,-0.53988936181695,-0.277063662433146,-0.218575952126587,-0.22194777972542,0.210518165715123,-0.00743442482776531,0.678382011856335,0.050284894151363,-1.16086140860103,-0.375291885689895,0.740476972612487,-0.0877633898157353,0.100780856004463,0.583052145616231,-0.0381789634501879,-0.157317739039365,-1.20633158952695
"77",-0.355123618045479,-0.189532977344753,-0.0140584355641942,0.305210651019651,-0.0524154100013521,-0.230541932085054,-0.25449685579155,0.498835598255504,-2.08265535587054,-0.564119518849486,0.0145766003408967,-0.330507203341915,0.111872146934426,0.315720654222062,0.0514310231273236,-0.213574161226095,-2.41569836234911,-0.857466967870584,-0.188343448968496,-0.00843220594914873,-0.21839444388134,-0.167849614934315,-0.12759666717519,0.133654982087708,-0.595175448470588,-0.212790685798518,-0.0757468429021733,-0.0952082691743573,-0.398826468334925,-0.374918664937812,-0.364188273737299,0.175082119545872,-0.552960390343351,-0.294500666421455,-0.242380539186399,-0.304287069134103,0.307634729859202,0.0086919554458167,0.703414311159138,0.0133340326199593,-1.22262895225759,-0.480487154728028,1.08434892781845,-0.0960843563180805,-0.00956147499271941,0.673805235145787,-0.0630046207107838,-0.116128518441817,-1.13961604743352
"78",-0.373517311873569,-0.188195604545772,-0.0150756875218111,0.295139282868784,-0.0451234499385157,-0.268830049895333,-0.272128445543417,0.663556777444344,-2.1412080635192,-0.508471278345489,0.0400156329591853,-0.352355537409148,0.270802862440032,0.232846979128417,0.0382473649642298,0.100587038508689,-2.65868273517525,-0.881714640242136,-0.259046726546511,0.000367181852510727,-0.150785581311465,-0.179453789674327,-0.14620627543128,0.190493255877763,-0.581169912553255,-0.241560322815041,-0.0799056959103351,-0.102813014406061,-0.34510632202882,-0.34024399868193,-0.323258817079901,0.0630811131453465,-0.491482248608661,-0.236161550750085,-0.225432854705365,-0.221293413292533,0.263677678931675,0.00660202917783558,0.660622070570553,0.021920306196938,-1.09129858740277,-0.611929824771439,0.866639740328897,-0.0251943088341254,0.0945136431351342,0.538822378157692,-0.0601861660655664,-0.601237711510843,-1.11497844853653
"79",-0.363045577782408,-0.185470745542498,-0.0415531319687077,0.368123100379736,-0.0263163177403135,-0.26367629346825,-0.268723082557861,0.529419049056124,-2.1211551993391,-0.474615973779936,-0.0204787370707066,-0.471760524274212,0.349020123861116,0.373458420240825,0.343070912028247,-0.0786492833527908,-2.32428737537042,-0.768333479202346,-0.208507149671324,0.0688050286006302,-0.0161764919263574,-0.199821441198176,-0.151510758601349,0.109826235208275,-0.636826966125507,-0.245052100135999,-0.0830665221802383,-0.11742188621675,-0.370053570786792,-0.355475824051293,-0.356174727682183,0.149878007849639,-0.537559660614525,-0.265867255369096,-0.209224042802346,-0.22325605213494,0.208426683991038,-0.00564007161147166,0.628306408016682,0.0587704544853321,-1.10398124402408,-0.458882282744941,0.878183488587826,-0.14739159184851,-0.00811099378223163,0.675844776136496,-0.0386055999093062,-0.178537969212561,-1.1936859784868
"80",-0.390964669999579,-0.192871930724926,-0.0408162388683461,0.168702060212813,-0.0718274668328854,-0.271798431986974,-0.280479908285045,0.811292022851283,-2.03181490067714,-0.54861466810496,-0.324304089968559,-0.652745870264877,0.390764113695381,0.284692848415932,0.116983137497152,-0.0813537338946249,-2.43735171428432,-0.781559812848507,-0.0994123014468959,-0.114787089152695,-0.236722186746672,-0.158073942413427,-0.160123528020267,0.109403550080313,-0.505052255679255,-0.220598642933266,-0.0515564450352383,-0.0911490906163289,-0.39385643331895,-0.402225032913676,-0.361235066523247,0.023658721490626,-0.542636950300048,-0.288182722906727,-0.224251315464011,-0.296209566664422,0.219367271725592,0.0223212219351585,0.44378064394442,0.0435889020184936,-1.16941223799408,-0.466774732953834,0.743557979571664,-0.0147842547188896,0.0964780555629466,0.632536732690306,0.0720273424503357,-0.260504351034971,-1.18872456229656
"81",-0.342973742989169,-0.209451707559421,-0.00855130032216299,0.261896651841911,-0.0427629250710761,-0.242160608168261,-0.255143077467548,0.43095404631996,-1.90799378350626,-0.489834391181674,-0.103412658385718,-0.302539999669892,0.236314243073953,0.117525178611237,0.0391523265984258,-0.036608178165358,-2.41066811001396,-0.806072129318147,-0.163670843531847,0.100516603675931,-0.193419372147797,-0.183110061142333,-0.150762848980127,0.119547981271919,-0.555955662752586,-0.245851292506248,-0.0709097580536875,-0.105782499302634,-0.391159651059135,-0.370745059587308,-0.358563971607435,0.0597893232706094,-0.551260683779759,-0.279299558377931,-0.253060129130338,-0.213560757675725,0.202619111580717,-0.00822835193879345,0.541478687755798,0.0868924750922054,-1.13072424628164,-0.420688439964712,0.668783802255751,-0.0774020769312872,0.031249498573954,0.625539937400114,0.00815193313699113,-0.2843437768514,-1.06719624578668
"82",-0.35727131203894,-0.173851449156747,-0.0250928541240675,0.337347399532332,-0.057551448953244,-0.24198021252424,-0.256744622610209,0.682122305314888,-2.10349053044105,-0.350459788209351,0.40101939204947,-0.262086347305299,0.130746971155286,0.28217555714596,-0.0395222925809119,-0.168146458999313,-2.53650657345155,-0.939943369314805,-0.200999494320412,0.101542161124789,-0.201717998977816,-0.199841316334988,-0.152813150646033,0.134741525330949,-0.67202625291511,-0.239934642980675,-0.0781667779140728,-0.096708873539963,-0.373242792315432,-0.375093946439532,-0.342543027235938,0.235052080547373,-0.53883326459202,-0.272346879468203,-0.230295691454392,-0.061856471551211,0.377999038503039,0.057108893076434,0.836658024357945,0.157928611448121,-1.0845085900284,-0.426805342887452,1.01303446945652,0.0197123867473937,0.0510434938562868,0.779081609972304,-0.0426818469877729,-0.261879643606717,-1.12533698714346
"83",-0.368051218018598,-0.184638206759144,0.0016591738771879,0.207409078420654,-0.0531080256127392,-0.252011062434795,-0.268497979311691,0.608014384164506,-2.00697630042255,-0.385938122898731,0.0447568581772019,-0.332701867355949,0.0782592135656622,0.334280677819827,0.145105478172108,-0.0917372663787896,-2.70128569307666,-0.83437929100205,-0.199721443170243,-0.051403745508345,-0.12506651738192,-0.180925537906707,-0.161533812145918,0.143247325742652,-0.53875860689587,-0.244536622711017,-0.0759647635682074,-0.0971427733724151,-0.358929192164181,-0.35895509759891,-0.337413368482899,0.067238430886159,-0.526180683708274,-0.277446177705774,-0.248035534253964,-0.246434370128528,0.251828460687736,0.0598737249685668,0.534398023710877,0.0576129624171067,-1.05215278110992,-0.547952743630512,0.922158238935458,-0.0542466066566487,0.0621051349423958,0.388776744645889,0.0563483117057802,-0.292440943572098,-1.02099005662355
"84",-0.340981289437788,-0.190808179767093,0.00700352274076601,0.431539291633444,-0.054388891756805,-0.251032284336072,-0.260436969297918,0.18383954250483,-2.15388681851358,-0.558558942647319,0.291938609768434,-0.532363974417934,0.0906685995415177,0.436573827433413,0.000700272504176109,-0.133737608730801,-2.6524592633709,-0.852801738757818,0.102882327991748,-0.0361296926567391,-0.187243195897128,-0.172585726116953,-0.147617555977246,0.118254186215543,-0.66473089673489,-0.230558534372706,-0.0787972405509248,-0.104479788592873,-0.401182901680893,-0.38338666307728,-0.347945006244913,0.274031310647798,-0.566712397967189,-0.30928673534725,-0.228835465481564,-0.27532451172892,0.257762006207672,0.0950091766029853,0.558678570839026,0.0453373514530382,-1.04147435636033,-0.494534523899188,0.541706399833491,-0.141024273276452,0.0677917313171481,0.711036091261961,-0.0079910317059822,-0.258134412574772,-1.26159973121839
"85",-0.38739890414466,-0.187930962524903,0.00313952464480845,0.28973227115358,-0.0256389065454854,-0.256527423032734,-0.276861173080437,0.897985403602101,-2.00158021559162,-0.44515426117579,0.106043338434322,-0.235418298968604,0.511365392743713,0.549082190414881,0.244423143334138,-0.0943397288508327,-2.6255994246814,-0.791429788544283,-0.0380797108329748,0.195319503255817,-0.100745813124795,-0.175854758722344,-0.15824146415253,0.157723320681001,-0.624520293035695,-0.24204256254075,-0.0341685292828689,-0.100420325962336,-0.361048241176344,-0.354683211811078,-0.341779912017116,0.175178673516475,-0.556384269170743,-0.262716931495223,-0.245131163827285,-0.311104351386369,0.177536985459503,0.0492920603101527,0.631073566559036,0.0377850316674036,-1.2382668373718,-0.422718543517854,0.976472994946534,-0.147334148478893,0.0449618536474384,0.854363632584805,-0.0218285125245593,-0.233960411306289,-1.15298989565753
"86",-0.334077784672156,-0.198009993539424,-0.0264203474203627,0.280032762150442,-0.0447899279700222,-0.245402761710758,-0.257320952353501,0.228387877684632,-1.89991359198318,-0.527321099726767,0.168480348868029,-0.293200644060924,0.0755660384830654,0.170679535643423,0.112578582376698,-0.0926587553587876,-2.47929894492593,-1.00105852441177,-0.111386230617327,-0.0311856290842617,-0.165597775037273,-0.194635861474328,-0.156152896704657,0.0850002421776982,-0.579016434128622,-0.249974823318927,-0.111960724344523,-0.126963361439029,-0.401322135034238,-0.372896822926453,-0.346948496975114,0.08120574529215,-0.553784065771448,-0.300003674450044,-0.245601693845242,-0.265925008230459,0.11950437892836,0.0596281090612258,0.605003380429896,0.0410658201707728,-0.973779986374394,-0.34214929097529,0.682159133787981,-0.101643658759291,0.0454016814262301,0.749221972358335,0.0102963547814888,-0.244147929573422,-1.14777511129182
"87",-0.376063710322206,-0.18686256964282,-0.00179787012583809,0.296991053659374,-0.0317028235574345,-0.25546533967813,-0.271663991407569,0.631989232898246,-1.87089474716317,-0.480681524598501,0.12626838286822,-0.42657892234457,0.177830489205616,0.263998604621917,0.168185052922933,-0.106735191171708,-2.61715364376626,-0.941234922717013,0.0699589830674933,0.0424913831080014,-0.0955544372026819,-0.181025327851438,-0.159915353653497,0.163043758807686,-0.584341539153448,-0.237699359179301,-0.0802959392186892,-0.106904735979499,-0.412127844313929,-0.400000405011785,-0.348559970841062,0.113135825618438,-0.577408064136428,-0.30193400329604,-0.249676808947878,-0.181204941543559,0.174158466007248,-0.0251559578719562,0.60257121685321,0.0964780835845728,-1.02235635270142,-0.389346121082597,0.910836151042223,-0.0928289534237929,0.142712503874475,0.722692656376936,0.0116728932323931,-0.303183781658021,-1.22789110891032
"88",-0.400328969678388,-0.197648190225746,0.0185929162477019,0.353042161838779,-0.0155442922190115,-0.252705723336058,-0.259093957199691,0.525063914359686,-2.20007745340259,-0.502056535148114,0.329063720240646,-0.440867711410652,-0.046805515386093,0.0152527212228681,0.173901139335458,-0.140284309205661,-2.65054308067295,-0.982227795121325,-0.262398061449111,-0.0516839759284713,-0.20911664651297,-0.159234396816101,-0.132714678995583,0.183175706771249,-0.639688553566752,-0.227782072879959,-0.0712544125932841,-0.0899519380374215,-0.423764788226123,-0.388302335894061,-0.381846932916624,0.101616927937249,-0.579558472928238,-0.301299106926221,-0.257261682827729,-0.183071106030153,0.251852416574114,0.0870194851947992,0.751057784126087,0.0607190012195656,-1.13014571938263,-0.415469242973062,1.3603609125739,0.0483558235854181,0.132626153062193,0.914536985813547,0.00547062231444688,-0.140036200815429,-1.14922721398906
"89",-0.367559072815937,-0.187107679214225,0.0235945288685293,0.184556264192649,-0.0160816595876026,-0.26287559736869,-0.276539863089789,0.991334358360836,-2.1005668971214,-0.417970074524981,-0.348444323917711,-0.33181395993641,0.496478389220608,0.841512137494605,0.199870628292891,-0.00908088827556258,-2.84432851657132,-0.724825324210408,0.0188984384768533,0.103650198767062,0.00361166051934933,-0.203978920999465,-0.153587238510406,0.217895330895168,-0.524042515068525,-0.256720126323268,-0.0877696034367071,-0.101334777463674,-0.379100865016473,-0.355577092216408,-0.341097828833869,-0.00706853602399445,-0.552705977441447,-0.283278512001959,-0.217154051864876,-0.230114609957169,0.228065654626364,0.0295013765871515,0.498877994032898,0.0631304464178132,-1.11861067610963,-0.467618113597302,0.977348904117516,-0.133887155550413,0.171592906498666,0.403655527796586,0.0153796189955318,-0.226870604331221,-1.32524969824186
"90",-0.383111445199476,-0.191966649713699,0.02403583341968,0.32949926436275,-0.0169724236548956,-0.275214874398088,-0.28403238818879,0.459458995634812,-2.04274860864531,-0.594220189811028,0.219523898543987,-0.369857168364569,0.343021049627341,0.226647983760395,0.0515872468442533,-0.1874763300034,-2.56643694783431,-0.849663212864385,-0.0622705036489028,0.0953779500374053,-0.165493050340915,-0.182151096366616,-0.155427188077048,0.127263372628915,-0.60902285649655,-0.239634865629011,-0.0628213031282036,-0.103087839701834,-0.382382940987244,-0.385848893853136,-0.368074244358593,0.159124361535967,-0.58905033556429,-0.276012523312641,-0.232075824380547,-0.243531901393184,0.229282738892493,0.0822917352330084,0.617630984817666,0.115873606271533,-1.25871125241898,-0.50584641445811,1.08655776796054,-0.0776758891498992,0.0357928038107204,0.645094217920108,0.057201740723196,-0.106059105301905,-1.18339240126661
"91",-0.365290792611332,-0.18701114542654,-0.00342505461073097,0.217018263778262,-0.0589515021569504,-0.26460118189024,-0.274984706865046,0.33973415719101,-1.82924101251396,-0.419063046345595,-0.0230880286134251,-0.474792736520927,0.179936606525089,0.33645464821384,0.191981694698942,-0.095804150303924,-2.65767070614809,-0.900536738688522,0.00290945303137026,0.192353632117453,-0.0881546197533387,-0.185226152188634,-0.163897536055407,0.148105404310089,-0.531737221816803,-0.246987159367474,-0.0719850852491394,-0.101875912079448,-0.367280757275458,-0.355264462860413,-0.323421184330262,0.0270767942340834,-0.52224480172193,-0.252176884028084,-0.218924205088687,-0.222020843933013,0.116606883563994,-0.0133830803654823,0.46150921259402,0.0486310432582686,-1.11094022954898,-0.477733192351408,0.995359673167989,-0.127403278619214,0.118940924426883,0.505652205018024,0.0183181582897803,-0.144390333407237,-1.10715342813817
"92",-0.330207979609521,-0.167991581626073,0.0108019577883484,0.307947438705714,-0.0114048066594569,-0.223519838316456,-0.25310142916529,0.54409694341878,-1.99264012661586,-0.4497846343801,-0.198303279169104,-0.193182828381729,0.187483525541221,0.420385738407589,-0.0118986343295261,-0.20580838233006,-2.59702182701624,-0.851496973024626,-0.118663875747757,-0.115045870432039,-0.229194896202789,-0.205130573670587,-0.165757718652436,0.114494456331425,-0.576824405225776,-0.245999758553914,-0.0938249280140111,-0.118718573746856,-0.383242691814788,-0.377324368707881,-0.355965465419722,0.130661535841096,-0.571951606034686,-0.270695949297045,-0.231026075962782,-0.117475730081028,0.349384124655465,0.087935856323865,0.75084096798239,0.201972844593858,-1.03971150158117,-0.383043794099451,0.832898810805953,-0.109004208501635,0.0696388717905167,0.573308520948113,0.0338429465941266,-0.306320224504417,-1.14615267617382
"93",-0.37744063288602,-0.199059733965197,0.000657904477466224,0.303446742856777,-0.0693822152967124,-0.272596247212522,-0.282865512024188,0.424782398701355,-1.86053129447171,-0.58661386342354,-0.056327259576143,-0.414990326335624,0.197736005568441,0.281712897399257,0.15334436007137,-0.214449208626531,-2.67559378608409,-0.993442137670743,-0.106592059717274,0.236528917693225,-0.0920173066744758,-0.169612225490921,-0.144224869199696,0.107787077807345,-0.576757360883433,-0.219931388845939,-0.0749079043834696,-0.104378175596084,-0.373220633673053,-0.364388251664288,-0.331852224993486,0.139344786850559,-0.52415202050472,-0.284594188859454,-0.220725331077212,-0.320857817768407,0.14595861103804,0.124304235826432,0.699774872293633,-0.0432076371802505,-1.18631732687486,-0.479246797910958,0.756837554006899,-0.154449997058222,0.0250029520893002,0.516295137072515,-0.0933404924157682,-0.161012391297828,-1.19901535265611
"94",-0.374728023209978,-0.215692368832741,-0.00351430534570892,0.382594966087527,-0.0530873129455223,-0.273524367946394,-0.298824041609159,0.240859712659511,-1.90199718144859,-0.507275053173107,0.176800197304157,-0.308626101124875,-0.0970566179459015,0.117466389732235,0.0995131882670357,-0.137908587142061,-2.63916442151752,-0.853053297893024,-0.160264725289563,0.0752484067767916,-0.122168932434505,-0.182376600879345,-0.159398360218424,0.153029003911224,-0.649596195003724,-0.245789881123354,-0.0952683172416974,-0.111130126098369,-0.380533511037902,-0.361096739836595,-0.336218619404171,0.182106077621728,-0.531001832889809,-0.295645748443984,-0.233908079162376,-0.294565803182238,0.20617142078209,0.0334286589408183,0.734989245638928,0.0814447926563248,-1.03737182820889,-0.43630424908253,0.508042963098353,-0.100983765585274,0.0835134729998206,0.694673355963659,0.0217322811554434,-0.0637547532494107,-0.993208770064425
"95",-0.368800209734809,-0.184732412097872,-0.0177276280611773,0.234182606413321,-0.030054245580083,-0.265787314652599,-0.277398897481642,0.37252121605438,-1.98778677624945,-0.483587277533165,-0.180709221327391,-0.350317121729136,0.291092852085505,0.350042260761583,0.0747808981719925,-0.308570945137899,-2.66377290795936,-0.95897327368941,-0.251282689643925,0.0412663745860589,-0.121064833485016,-0.174651151014566,-0.148621254534067,0.168086553912591,-0.543050547846942,-0.244870437379333,-0.0609000082955977,-0.100825946034979,-0.372910476587005,-0.369628331187466,-0.36336259538831,0.0557573351978581,-0.561321970767983,-0.25470106067938,-0.197915463400782,-0.251900311646613,0.18380373484814,0.0152402520173039,0.618176154276398,0.109666345764115,-1.22079169113761,-0.502332693600863,0.968664421562769,0.00718526504585998,0.200793251311052,0.661427575408815,0.132762218128294,-0.190376615833907,-1.15242293810927
"96",-0.337984882479292,-0.190477516489117,0.0123461218552981,0.376726940224669,-0.0662770618770026,-0.242450112686427,-0.252923242182502,0.221211969146075,-1.85130611416118,-0.368495683561913,0.264976322468887,-0.364098738393302,0.0900567436112359,0.43228856495708,0.0297439584961309,-0.224726033579126,-2.77903603457609,-0.993632919235408,-0.289719400994521,-0.0499269258559521,-0.16987831225418,-0.189982071248725,-0.15092560437732,0.214486625955719,-0.620877280628759,-0.233528524176578,-0.0765040457920481,-0.115476650813749,-0.379584267042274,-0.363091870238172,-0.329611297840088,0.147990253546015,-0.527584733172489,-0.264974318161591,-0.193908383924743,-0.298262415424513,0.161387291144089,0.0425386100828897,0.649447438579555,-0.00163033352110137,-1.14977685018174,-0.439701322800713,0.838181525974996,-0.0741758166875846,0.0479313708199063,0.795013146177429,0.0660260319840492,-0.094980326154675,-1.28519496340991
"97",-0.391145243390531,-0.193975497621701,0.00663818605423292,0.3082297061755,-0.0136629545897216,-0.256322962717487,-0.271927143278014,0.784813045877011,-2.13957422604902,-0.502211712804339,-0.175535631381947,-0.256241108115191,0.29535580507764,0.360830293619585,0.316679692014119,0.0304190322612925,-2.73507768768053,-0.839315808991412,0.126294326508065,-0.00933058102637911,-0.120509044516842,-0.196082967204672,-0.15804617292874,0.15521171035148,-0.571691416691929,-0.254098958794793,-0.0771530436507322,-0.111831544046655,-0.373088456593358,-0.347096910479791,-0.347253848041701,0.147859594188573,-0.572423838776889,-0.278680610075184,-0.216799037052254,-0.172831580609825,0.212831073635958,0.10618781523966,0.550350850255173,0.151192761263453,-0.989763813594881,-0.368229308192044,1.26252147108696,-0.126440696686585,0.0894068662346184,0.531929489443876,0.0336084211581385,-0.233067525858168,-1.14426209811653
"98",-0.389514761880532,-0.215789697023488,0.00162253315595062,0.191785126479503,-0.0723755733646594,-0.282666404618935,-0.294002853953532,0.192516916117015,-2.03904154911052,-0.478520016573547,-0.0838980213376762,-0.457514134730115,0.188629270546036,0.425849755484707,0.172336950866253,-0.0421886655948126,-2.68531122907925,-0.824354795537799,0.00688164526059403,0.0505179972733249,-0.146755164798046,-0.166376230973062,-0.153089621434294,0.156400140428435,-0.500800832233231,-0.21868073817476,-0.0664581835109726,-0.0825313107465935,-0.386126427188169,-0.379021156690152,-0.346234632605539,0.0031615103153704,-0.563941431881333,-0.278709984367666,-0.207893457290882,-0.189069377194168,0.130089986382797,0.010028810749632,0.368393820775025,0.0810493280275745,-1.07706779559186,-0.446195381547357,0.749510688317363,-0.0434530893457513,0.113692722776929,0.583310676790969,0.0441327681305552,-0.342532699780734,-1.28195224317834
"99",-0.37179192591299,-0.211049898537697,0.0131485250735012,0.202229095132031,-0.0792115307911177,-0.272952176509985,-0.283579316948181,0.496729002209826,-1.99002489409229,-0.380186303309978,-0.0798270512303211,-0.382549384260701,0.249439009049967,0.247046803775981,0.238748310505118,-0.0333986048936262,-2.8323112798225,-0.897251155455782,-0.270538375934781,0.129690829621038,-0.0502804363466748,-0.186419244321235,-0.154417918722833,0.196138098298882,-0.525327844427854,-0.242986700949932,-0.080521628876668,-0.11637223234706,-0.394809788798024,-0.356109393160297,-0.338844925832975,-0.0133065668415679,-0.530306278883071,-0.293243078898448,-0.242465356814705,-0.295861152284777,0.177061207532715,-0.00236829304810847,0.440840430921441,-0.000359583057577954,-1.14606718956942,-0.404231421283761,0.745507696376928,-0.094789727656874,0.167530785059041,0.613472247144361,0.0282786838358034,-0.0717401129948264,-1.11667445400717
"100",-0.359366646238988,-0.194192980322789,0.0176565699955455,0.408475879207028,-0.025488722360314,-0.24867101375262,-0.27090303316109,0.382057165086393,-2.02492262083331,-0.564328715413279,0.0112759905706414,-0.329123373268407,0.097437068743008,0.31664794177749,-0.00673947739944425,-0.216467423322685,-2.80880354960332,-0.872072290094753,-0.104267166583421,-0.00927423133775938,-0.14018937715573,-0.188177541474378,-0.148196217926194,0.181084953222562,-0.636531204170278,-0.242655045119129,-0.0830066425412694,-0.115311742306929,-0.388878171312817,-0.37791758245733,-0.351095041122408,0.193098921089112,-0.579764811761372,-0.295998557660778,-0.23099732437023,-0.161101419592481,0.277745045276166,0.127179631734729,0.725645855056958,0.111708810181612,-1.11574947442959,-0.43029523822773,0.770766266668326,-0.0767284347471174,0.112252338387001,0.749642736549361,0.0846201315670648,-0.206475413229805,-1.20360122274294
"101",-0.342033569714068,-0.207292956857663,-0.00485733918598318,0.265817355725764,-0.0587427741678159,-0.257000410654508,-0.268073277444058,0.124710943013918,-1.87517491081669,-0.480894401474187,-0.128359453993687,-0.271089608191737,0.0249189609286599,0.213624407568269,0.118449112748926,-0.0713282290353552,-2.54908922239009,-0.837616252788705,-0.194807336995872,0.0184972147558638,-0.122200464658953,-0.191666712503183,-0.166029952652731,0.147234463954335,-0.564225024451274,-0.247092587051622,-0.0962271401256547,-0.108494520033402,-0.394853205476604,-0.373863383429537,-0.347749675756144,0.0622063920658663,-0.535090644183256,-0.300186112017292,-0.24167062560125,-0.298523978834345,0.197282001572861,0.0104067691903411,0.627292307376048,-0.0169666028318986,-1.09316552382613,-0.443280183696715,0.679097653247105,-0.0301385867114343,0.0189520856908248,0.501188962865985,-0.0296444061125576,-0.127056051225219,-1.09038589609579
